#,Company name,Symbol,Price (USD),Market cap (In millions),Sector,Industry,Market,Provided by GlobeFunder.com
1,Agilent Technologies,A,$152.07,"$46,035.03",Health Technology,Medical Specialties,NYSE,
2,Alcoa,AA,$47.95,"$8,971.59",Non-Energy Minerals,Aluminum,NYSE,
3,American Airlines,AAL,$17.75,"$11,493.38",Transportation,Airlines,NASDAQ,
4,Advance Auto Parts,AAP,$226.73,"$14,137.79",Retail Trade,Specialty Stores,NYSE,
5,Apple,AAPL,$156.81,"$2,572,685.98",Electronic Technology,Telecommunications Equipment,NASDAQ,
6,AbbVie,ABBV,$116.51,"$205,975.70",Health Technology,Pharmaceuticals: Major,NYSE,
7,Ambev,ABEV,$2.95,"$262,724.81",Consumer Non-Durables,Beverages: Alcoholic,NYSE,
8,Airbnb Inc,ABNB,$173.86,"$108,869.17",Technology Services,Internet Software/Services,NASDAQ,
9,Abbott Labs,ABT,$125.88,"$222,591.96",Health Technology,Medical Specialties,NYSE,
10,ACE Convergence Acquisition Corp,ACEV,$9.96,$286.35,Finance,Financial Conglomerates,NASDAQ,
11,Archer Aviation,ACHR,$6.15,"$1,459.58",Finance,Financial Conglomerates,NYSE,
12,Accenture Plc,ACN,$353.60,"$232,223.09",Technology Services,Information Technology Services,NYSE,
13,Adobe,ADBE,$662.10,"$315,027.17",Technology Services,Packaged Software,NASDAQ,
14,Analog Devices,ADI,$178.00,"$95,480.91",Electronic Technology,Semiconductors,NASDAQ,
15,Archer-Daniels-Midland,ADM,$64.40,"$36,028.01",Process Industries,Agricultural Commodities/Milling,NYSE,
16,Automatic Data Processing,ADP,$229.62,"$96,758.19",Technology Services,Data Processing Services,NASDAQ,
17,Autodesk,ADSK,$254.17,"$55,879.38",Technology Services,Packaged Software,NASDAQ,
18,American Eagle Outfitters,AEO,$26.81,"$4,520.75",Retail Trade,Apparel/Footwear Retail,NYSE,
19,American Electric Power,AEP,$82.55,"$41,576.44",Utilities,Electric Utilities,NASDAQ,
20,The AES Corporation,AES,$23.83,"$15,887.79",Utilities,Electric Utilities,NYSE,
21,Aflac,AFL,$55.57,"$36,761.12",Finance,Life/Health Insurance,NYSE,
22,Affirm Holdings,AFRM,$136.98,"$38,492.12",Technology Services,Internet Software/Services,NASDAQ,
23,First Majestic Silver Corp,AG,$11.91,"$3,877.03",Non-Energy Minerals,Precious Metals,NYSE,
24,Agilon Health,AGL,$21.59,"$8,499.02",Health Services,Medical/Nursing Services,NYSE,
25,AGNC Investment,AGNC,$15.91,"$8,351.29",Finance,Real Estate Investment Trusts,NASDAQ,
26,C3.ai Inc,AI,$38.38,"$3,995.68",Technology Services,Packaged Software,NYSE,
27,AIG,AIG,$56.05,"$46,538.18",Finance,Multi-Line Insurance,NYSE,
28,Akamai Technologies,AKAM,$111.94,"$18,188.00",Technology Services,Internet Software/Services,NASDAQ,
29,Air Lease Corporation,AL,$41.11,"$4,686.01",Finance,Finance/Rental/Leasing,NYSE,
30,Albemarle Corporation,ALB,$266.85,"$31,215.13",Process Industries,Chemicals: Specialty,NYSE,
31,Align Technology,ALGN,$634.22,"$50,010.19",Health Technology,Medical Specialties,NASDAQ,
32,Alight,ALIT,$10.39,"$4,642.28",Technology Services,Information Technology Services,NYSE,
33,Allstate,ALL,$115.12,"$33,002.14",Finance,Property/Casualty Insurance,NYSE,
34,Allot Communications,ALLT,$11.47,$417.57,Electronic Technology,Computer Communications,NASDAQ,
35,Ally Financial,ALLY,$48.38,"$16,760.96",Finance,Regional Banks,NYSE,
36,Antero Midstream Partners LP,AM,$10.25,"$4,894.41",Industrial Services,Oil & Gas Pipelines,NYSE,
37,Applied Materials,AMAT,$143.29,"$129,380.63",Producer Manufacturing,Industrial Machinery,NASDAQ,
38,AMC,AMC,$37.63,"$19,340.35",Consumer Services,Movies/Entertainment,NYSE,
39,Advanced Micro Devices,AMD,$154.81,"$186,950.10",Electronic Technology,Semiconductors,NASDAQ,
40,Ametek,AME,$139.09,"$32,175.02",Producer Manufacturing,Electrical Products,NYSE,
41,Amgen,AMGN,$201.09,"$113,267.08",Health Technology,Biotechnology,NASDAQ,
42,American Homes 4 Rent,AMH,$40.48,"$13,536.33",Finance,Real Estate Investment Trusts,NYSE,
43,Ameresco,AMRC,$89.70,"$4,624.88",Industrial Services,Engineering & Construction,NYSE,
44,Amneal Pharmaceuticals,AMRX,$4.25,"$1,281.33",Health Technology,Pharmaceuticals: Major,NYSE,
45,American Tower,AMT,$262.87,"$119,714.54",Finance,Real Estate Investment Trusts,NYSE,
46,Amazon,AMZN,"$3,504.56","$1,777,328.87",Retail Trade,Internet Retail,NASDAQ,
47,Arista Networks,ANET,$124.97,"$38,401.23",Electronic Technology,Computer Communications,NYSE,
48,Abercrombie & Fitch,ANF,$38.05,"$2,248.09",Retail Trade,Apparel/Footwear Retail,NYSE,
49,ANGI Homeservices,ANGI,$9.63,"$4,838.04",Technology Services,Internet Software/Services,NASDAQ,
50,Ansys,ANSS,$382.48,"$33,372.51",Technology Services,Packaged Software,NASDAQ,
51,Anthem,ANTM,$415.52,"$100,852.81",Health Services,Managed Health Care,NYSE,
52,AO Smith,AOS,$81.00,"$12,892.13",Producer Manufacturing,Building Products,NYSE,
53,Apache,APA,$26.24,"$9,532.32",Energy Minerals,Oil & Gas Production,NASDAQ,
54,Air Products and Chemicals,APD,$293.64,"$65,029.61",Process Industries,Chemicals: Specialty,NYSE,
55,Amphenol,APH,$81.62,"$48,811.02",Electronic Technology,Electronic Components,NYSE,
56,AppLovin Corp,APP,$90.71,"$33,945.58",Technology Services,Packaged Software,NASDAQ,
57,Appian Corporation,APPN,$74.31,"$5,289.62",Technology Services,Packaged Software,NASDAQ,
58,Digital Turbine,APPS,$54.87,"$5,301.85",Technology Services,Internet Software/Services,NASDAQ,
59,Apollo Strategic Growth Capital,APSG,$9.87,"$1,007.74",Finance,Finance/Rental/Leasing,NYSE,
60,Antero Resources Corporation,AR,$18.39,"$5,773.17",Energy Minerals,Oil & Gas Production,NYSE,
61,Ares Capital,ARCC,$20.35,"$9,376.34",Finance,Investment Managers,NASDAQ,
62,Arcturus Therapeutics Holdings Inc,ARCT,$39.89,"$1,051.52",Health Technology,Pharmaceuticals: Major,NASDAQ,
63,Apollo Commercial Real Estate Finance,ARI,$14.01,"$1,959.91",Finance,Real Estate Investment Trusts,NYSE,
64,Aramark,ARMK,$34.99,"$8,958.90",Consumer Services,Restaurants,NYSE,
65,Arconic,ARNC,$27.97,"$2,978.45",Non-Energy Minerals,Aluminum,NYSE,
66,ARMOUR Residential,ARR,$9.96,$893.30,Finance,Real Estate Investment Trusts,NYSE,
67,Arrival Group,ARVL,$9.62,"$6,393.69",Consumer Durables,Motor Vehicles,NASDAQ,
68,Asana Inc,ASAN,$106.02,"$19,497.17",Technology Services,Packaged Software,NYSE,
69,ASML Holding,ASML,$782.02,"$284,518.69",Producer Manufacturing,Industrial Machinery,NASDAQ,
70,Autohome,ATHM,$35.03,"$4,454.73",Technology Services,Internet Software/Services,NYSE,
71,ATI Physical Therapy,ATIP,$3.36,$662.77,Finance,Financial Conglomerates,NYSE,
72,AptarGroup,ATR,$126.61,"$8,334.37",Process Industries,Containers/Packaging,NYSE,
73,Altice USA,ATUS,$16.02,"$7,283.55",Consumer Services,Cable/Satellite TV,NYSE,
74,Altimeter Growth Corporation,ATUS,$16.02,"$7,283.55",Consumer Services,Cable/Satellite TV,NYSE,
75,Activision Blizzard,ATVI,$60.62,"$47,216.23",Consumer Durables,Recreational Products,NASDAQ,
76,AngloGold Ashanti,AU,$19.85,"$8,227.75",Non-Energy Minerals,Precious Metals,NYSE,
77,Yamana Gold,AUY,$4.07,"$4,870.75",Non-Energy Minerals,Precious Metals,NYSE,
78,AvalonBay Communities,AVB,$239.39,"$33,429.95",Finance,Real Estate Investment Trusts,NYSE,
79,Broadcom,AVGO,$546.59,"$224,985.36",Electronic Technology,Semiconductors,NASDAQ,
80,Avalara,AVLR,$142.14,"$12,354.22",Technology Services,Packaged Software,NYSE,
81,AvePoint,AVPT,$7.09,"$1,286.27",Technology Services,Data Processing Services,NASDAQ,
82,American Axle & Manufacturing,AXL,$9.36,"$1,067.61",Producer Manufacturing,Auto Parts: OEM,NYSE,
83,Axon Enterprise Inc,AXON,$177.20,"$12,314.58",Electronic Technology,Aerospace & Defense,NASDAQ,
84,American Express,AXP,$156.82,"$124,583.04",Finance,Finance/Rental/Leasing,NYSE,
85,Axalta Coating Systems,AXTA,$31.33,"$7,210.94",Process Industries,Industrial Specialties,NYSE,
86,Atlantica Sustainable Infrastructure,AY,$38.75,"$4,294.78",Utilities,Alternative Power Generation,NASDAQ,
87,Alteryx,AYX,$64.09,"$4,323.12",Technology Services,Packaged Software,NYSE,
88,AstraZeneca PLC,AZN,$56.58,"$176,373.33",Health Technology,Pharmaceuticals: Major,NASDAQ,
89,AutoZone,AZO,"$1,814.18","$38,039.65",Retail Trade,Specialty Stores,NYSE,
90,Boeing,BA,$199.21,"$117,075.60",Electronic Technology,Aerospace & Defense,NYSE,
91,Alibaba,BABA,$133.35,"$362,792.69",Retail Trade,Internet Retail,NYSE,
92,Bank of America,BAC,$45.76,"$374,503.62",Finance,Major Banks,NYSE,
93,Booz Allen Hamilton,BAH,$85.20,"$11,407.99",Commercial Services,Miscellaneous Commercial Services,NYSE,
94,Brookfield Asset Management Inc.,BAM,$57.55,"$114,726.95",Finance,Investment Managers,NYSE,
95,Brookfield Asset Management Reinsurance Partners,BAMR,$58.93,$816.83,Finance,Financial Conglomerates,NYSE,
96,Credicorp,BAP,$116.78,"$10,999.50",Finance,Regional Banks,NYSE,
97,The Original BARK Company,BARK,$5.56,$955.83,Finance,Financial Conglomerates,NYSE,
98,Baxter,BAX,$76.29,"$38,197.89",Health Technology,Medical Specialties,NYSE,
99,BlackBerry,BB,$9.97,"$7,128.52",Technology Services,Packaged Software,NYSE,
100,BBVA Banco Francés,BBAR,$2.88,"$130,802.80",Finance,Regional Banks,NYSE,
101,Banco Bradesco S.A. - Preferred Shares,BBD,$3.65,"$184,014.91",Finance,Major Banks,NYSE,
102,Bath&Body Works,BBWI,$74.61,"$19,724.86",Retail Trade,Apparel/Footwear Retail,NYSE,
103,Best Buy,BBY,$114.77,"$28,229.30",Retail Trade,Electronics/Appliance Stores,NYSE,
104,Barclays PLC,BCS,$9.98,"$41,453.03",Finance,Major Banks,NYSE,
105,Belden,BDC,$63.40,"$2,846.56",Producer Manufacturing,Electrical Products,NYSE,
106,Becton Dickinson,BDX,$245.09,"$69,611.34",Health Technology,Medical Specialties,NYSE,
107,Bloom Energy,BE,$27.28,"$4,786.69",Producer Manufacturing,Electrical Products,NYSE,
108,Franklin Resources,BEN,$33.14,"$16,629.49",Finance,Investment Managers,NYSE,
109,Brookfield Renewable Partners,BEP,$35.86,"$12,665.39",Utilities,Electric Utilities,NYSE,
110,Brookfield Renewable Corporation,BEPC,$36.68,"$13,271.07",Utilities,Electric Utilities,NYSE,
111,Brown Forman,BF.B,$74.40,"$34,748.04",Consumer Non-Durables,Beverages: Alcoholic,NYSE,
112,Bunge,BG,$90.48,"$12,714.27",Process Industries,Agricultural Commodities/Milling,NYSE,
113,Bausch Health Companies,BHC,$25.25,"$11,410.48",Health Technology,Pharmaceuticals: Other,NYSE,
114,BHP Billiton,BHP,$54.43,"$193,084.60",Non-Energy Minerals,Other Metals/Minerals,NYSE,
115,Baidu,BIDU,$153.06,"$53,321.40",Technology Services,Internet Software/Services,NASDAQ,
116,Biogen,BIIB,$242.90,"$35,680.21",Health Technology,Biotechnology,NASDAQ,
117,Bilibili,BILI,$68.79,"$26,458.55",Technology Services,Internet Software/Services,NASDAQ,
118,Bio-Rad Laboratories,BIO,$750.17,"$22,614.96",Health Technology,Medical Specialties,NYSE,
119,Brookfield Infrastructure Partners,BIP,$56.36,"$24,003.95",Utilities,Alternative Power Generation,NYSE,
120,Brookfield Infrastructure Corp,BIPC,$59.49,"$4,235.53",Utilities,Gas Distributors,NYSE,
121,BJ's Wholesale Club Holdings,BJ,$66.34,"$9,642.44",Retail Trade,Specialty Stores,NYSE,
122,BNY Mellon,BK,$56.75,"$46,865.35",Finance,Major Banks,NYSE,
123,Bakkt,BKKT,$15.61,$404.63,Commercial Services,Miscellaneous Commercial Services,NYSE,
124,Booking,BKNG,"$2,155.56","$88,514.80",Consumer Services,Other Consumer Services,NASDAQ,
125,Baker Hughes,BKR,$23.06,"$25,145.44",Industrial Services,Oilfield Services/Equipment,NYSE,
126,Ballard Power Systems,BLDP,$15.33,"$5,759.82",Producer Manufacturing,Electrical Products,NASDAQ,
127,BlackRock,BLK,$901.64,"$136,974.63",Finance,Investment Managers,NYSE,
128,Ball Corporation,BLL,$94.70,"$30,672.77",Process Industries,Containers/Packaging,NYSE,
129,Blink Charging,BLNK,$38.18,"$1,611.20",Consumer Services,Other Consumer Services,NASDAQ,
130,Banco Macro,BMA,$13.57,"$184,790.50",Finance,Regional Banks,NYSE,
131,Bumble Inc.,BMBL,$33.83,"$4,372.24",Technology Services,Packaged Software,NASDAQ,
132,Biomarin Pharmaceutical,BMRN,$87.58,"$16,079.10",Health Technology,Biotechnology,NASDAQ,
133,Bristol-Myers Squibb,BMY,$56.53,"$125,476.47",Health Technology,Pharmaceuticals: Major,NYSE,
134,BioNTech SE,BNTX,$348.00,"$84,463.98",Health Technology,Biotechnology,NASDAQ,
135,Box,BOX,$23.86,"$3,615.90",Technology Services,Information Technology Services,NYSE,
136,BP plc,BP,$25.96,"$85,371.12",Energy Minerals,Integrated Oil,NYSE,
137,BRF,BRFS,$3.68,"$16,696.32",Consumer Non-Durables,Food: Meat/Fish/Dairy,NYSE,
138,Berkshire Hathaway,BRK.B,$283.09,"$634,939.31",Finance,Multi-Line Insurance,NYSE,
139,Brixmor Property Group,BRX,$23.77,"$7,059.41",Finance,Real Estate Investment Trusts,NYSE,
140,Banco Santander (Brasil),BSBR,$6.03,"$128,987.16",Finance,Regional Banks,NYSE,
141,Grupo Financiero Santander Mexico,BSMX,$6.03,"$179,108.82",Finance,Regional Banks,NYSE,
142,Boston Scientific,BSX,$38.57,"$54,961.94",Health Technology,Medical Specialties,NYSE,
143,Burgundy Technology Acquisition Corp,BTAQ,$9.99,$441.43,Finance,Financial Conglomerates,NASDAQ,
144,B2Gold Corporation,BTG,$4.04,"$5,365.29",Non-Energy Minerals,Precious Metals,NYSE AMERICAN,
145,BTWN,BTWN,$9.87,$733.70,Finance,Financial Conglomerates,NASDAQ,
146,Anheuser Busch Inbev NV,BUD,$58.25,"$88,563.98",Consumer Non-Durables,Beverages: Alcoholic,NYSE,
147,Compañía de Minas Buenaventura,BVN,$6.94,"$1,773.49",Non-Energy Minerals,Precious Metals,NYSE,
148,BorgWarner,BWA,$45.23,"$10,844.85",Producer Manufacturing,Auto Parts: OEM,NYSE,
149,Blackstone,BX,$143.81,"$172,310.55",Finance,Investment Managers,NYSE,
150,Beyond Meat,BYND,$76.72,"$4,858.74",Consumer Non-Durables,Food: Major Diversified,NASDAQ,
151,Baozun Inc,BZUN,$15.15,"$1,183.12",Retail Trade,Internet Retail,NASDAQ,
152,Citigroup,C,$65.50,"$129,969.49",Finance,Financial Conglomerates,NYSE,
153,Cable One,CABO,"$1,843.71","$11,146.10",Consumer Services,Cable/Satellite TV,NYSE,
154,ConAgra Foods,CAG,$31.60,"$15,158.20",Consumer Non-Durables,Food: Major Diversified,NYSE,
155,Cardinal Health,CAH,$47.60,"$13,413.11",Distribution Services,Medical Distributors,NYSE,
156,Canon,CAJ,$22.46,"$30,127.39",Electronic Technology,Electronic Equipment/Instruments,NYSE,
157,Cano Health,CANO,$9.48,"$4,550.27",Finance,Financial Conglomerates,NYSE,
158,Carrier Global Corp,CARR,$55.38,"$47,991.47",Producer Manufacturing,Industrial Machinery,NYSE,
159,Cars.com,CARS,$16.12,"$1,113.92",Technology Services,Internet Software/Services,NYSE,
160,Caterpillar,CAT,$198.73,"$107,501.34",Producer Manufacturing,Trucks/Construction/Farm Machinery,NYSE,
161,CBL & Associates Properties,CBL,$30.47,$609.05,Finance,Real Estate Investment Trusts,NYSE,
162,CBOE Holdings,CBOE,$128.88,"$13,744.14",Finance,Investment Banks/Brokers,NYSE AMERICAN,
163,CBRE Group,CBRE,$98.09,"$32,827.37",Finance,Real Estate Development,NYSE,
164,"Chemours Company, The",CC,$30.85,"$5,027.34",Process Industries,Industrial Specialties,NYSE,
165,CCC Intelligent Solutions,CCCS,$12.45,"$7,516.03",Finance,Financial Conglomerates,NYSE,
166,Crown Castle,CCI,$183.50,"$79,309.29",Finance,Real Estate Investment Trusts,NYSE,
167,Carnival,CCL,$17.95,"$20,155.21",Consumer Services,Hotels/Resorts/Cruise lines,NYSE,
168,Coeur Mining,CDE,$5.73,"$1,472.35",Non-Energy Minerals,Precious Metals,NYSE,
169,Cadence Design Systems,CDNS,$178.36,"$49,366.48",Technology Services,Packaged Software,NASDAQ,
170,Cerner,CERN,$72.30,"$21,272.30",Technology Services,Information Technology Services,NASDAQ,
171,CF Industries Holdings,CF,$62.80,"$13,469.05",Process Industries,Chemicals: Agricultural,NYSE,
172,Citizens Financial Group,CFG,$48.56,"$20,696.25",Finance,Regional Banks,NYSE,
173,Carlyle Group,CG,$54.75,"$19,519.89",Finance,Investment Managers,NASDAQ,
174,Canopy Growth Corporation,CGC,$11.69,"$5,829.95",Process Industries,Agricultural Commodities/Milling,NASDAQ,
175,Cognex Corporation,CGNX,$76.19,"$13,470.32",Electronic Technology,Electronic Equipment/Instruments,NASDAQ,
176,Chegg,CHGG,$24.99,"$3,622.24",Commercial Services,Miscellaneous Commercial Services,NYSE,
177,Check Point Software Technologies,CHKP,$110.32,"$14,650.30",Technology Services,Internet Software/Services,NASDAQ,
178,China Mobile,CHL,$27.67,-,Communications,Telecommunications Equipment,NYSE,No live pricing
179,ChargePoint Holdings,CHPT,$25.82,"$8,329.59",Retail Trade,Specialty Stores,NYSE,
180,Chico's FAS,CHS,$5.69,$696.83,Retail Trade,Apparel/Footwear Retail,NYSE,
181,Charter Communications,CHTR,$672.87,"$120,639.53",Consumer Services,Cable/Satellite TV,NASDAQ,
182,Chewy,CHWY,$69.39,"$28,988.60",Retail Trade,Internet Retail,NYSE,
183,Cigna,CI,$202.03,"$66,958.34",Health Services,Managed Health Care,NYSE,
184,Ciena Corporation,CIEN,$60.74,"$9,410.40",Electronic Technology,Telecommunications Equipment,NYSE,
185,Companhia Energética de Minas Gerais,CIG,$2.35,"$24,934.00",Utilities,Electric Utilities,NYSE,
186,Chimera Investment,CIM,$16.43,"$3,892.02",Finance,Real Estate Investment Trusts,NYSE,
187,Colgate-Palmolive,CL,$77.06,"$64,949.91",Consumer Non-Durables,Household/Personal Care,NYSE,
188,Cellebrite,CLBT,$8.68,"$1,624.62",Finance,Financial Conglomerates,NASDAQ,
189,Cleveland-Cliffs Inc.,CLF,$21.84,"$10,921.97",Non-Energy Minerals,Steel,NYSE,
190,Clean Energy Fuels,CLNE,$7.20,"$1,606.24",Utilities,Gas Distributors,NASDAQ,
191,Continental Resources,CLR,$45.45,"$16,615.65",Energy Minerals,Oil & Gas Production,NYSE,
192,Clovis Oncology,CLVS,$3.20,$415.93,Health Technology,Biotechnology,NASDAQ,
193,The Clorox Company,CLX,$174.21,"$21,403.91",Consumer Non-Durables,Household/Personal Care,NYSE,
194,Comerica,CMA,$85.26,"$11,181.74",Finance,Major Banks,NYSE,
195,Comcast,CMCSA,$51.10,"$233,471.91",Consumer Services,Cable/Satellite TV,NASDAQ,
196,CME Group (Class A),CME,$222.16,"$79,843.44",Finance,Investment Banks/Brokers,NASDAQ,
197,Chipotle Mexican Grill,CMG,"$1,686.88","$47,461.04",Consumer Services,Restaurants,NYSE,
198,Centene,CNC,$73.90,"$43,120.87",Health Services,Managed Health Care,NYSE,
199,Conduent,CNDT,$5.14,"$1,093.76",Commercial Services,Miscellaneous Commercial Services,NASDAQ,
200,CenterPoint Energy,CNP,$26.23,"$16,495.15",Utilities,Electric Utilities,NYSE,
201,CNX Resources,CNX,$14.20,"$2,999.04",Energy Minerals,Integrated Oil,NYSE,
202,The Vita Coco Company,COCO,$15.22,-,Consumer Non-Durables,Food: Major Diversified,NASDAQ,
203,Capital One,COF,$149.16,"$63,485.78",Finance,Major Banks,NYSE,
204,Coinbase,COIN,$303.19,"$65,247.88",Technology Services,Packaged Software,NASDAQ,
205,Americold Realty Trust,COLD,$31.60,"$8,646.00",Finance,Real Estate Investment Trusts,NYSE,
206,CommScope Holding Company,COMM,$10.55,"$2,157.46",Electronic Technology,Telecommunications Equipment,NASDAQ,
207,Compass,COMP,$9.50,"$3,864.38",Technology Services,Packaged Software,NYSE,
208,Conx Corp,CONX,$9.85,$923.26,Finance,Financial Conglomerates,NASDAQ,
209,ConocoPhillips,COP,$71.48,"$94,278.26",Energy Minerals,Oil & Gas Production,NYSE,
210,Costco Wholesale,COST,$546.13,"$241,293.23",Retail Trade,Specialty Stores,NASDAQ,
211,Coty,COTY,$9.64,"$7,890.11",Consumer Non-Durables,Household/Personal Care,NYSE,
212,Coursera,COUR,$28.96,"$4,071.48",Technology Services,Internet Software/Services,NYSE,
213,Coupang,CPNG,$27.39,"$47,971.97",Retail Trade,Internet Retail,NYSE,
214,Cohn Robbins Holdings Corp,CRHC,$9.97,"$1,031.90",Finance,Financial Conglomerates,NYSE,
215,Salesforce,CRM,$284.21,"$278,241.52",Technology Services,Packaged Software,NYSE,
216,Crocs,CROX,$168.04,"$9,888.71",Consumer Non-Durables,Apparel/Footwear,NASDAQ,
217,CRISPR Therapeutics AG,CRSP,$78.79,"$6,029.56",Health Technology,Biotechnology,NASDAQ,
218,Corsair Gaming,CRSR,$23.01,"$2,170.86",Technology Services,Packaged Software,NASDAQ,
219,CrowdStrike,CRWD,$232.64,"$53,086.70",Technology Services,Packaged Software,NASDAQ,
220,Cisco,CSCO,$54.67,"$230,576.57",Technology Services,Information Technology Services,NASDAQ,
221,CoStar Group,CSGP,$77.59,"$30,643.06",Technology Services,Internet Software/Services,NASDAQ,
222,Canadian Solar,CSIQ,$38.28,"$2,296.71",Producer Manufacturing,Electrical Products,NASDAQ,
223,CSX,CSX,$35.57,"$78,893.65",Transportation,Railroads,NASDAQ,
224,Cintas,CTAS,$428.29,"$44,288.44",Consumer Services,Other Consumer Services,NASDAQ,
225,Coterra Energy,CTRA,$21.00,$382.50,Energy Minerals,Integrated Oil,NYSE,
226,Cognizant Technology Solutions,CTSH,$78.40,"$41,179.73",Technology Services,Information Technology Services,NASDAQ,
227,Corteva,CTVA,$46.83,-,Process Industries,Chemicals: Agricultural,NYSE,
228,Citrix Systems,CTXS,$82.90,"$10,339.53",Technology Services,Packaged Software,NASDAQ,
229,CuriosityStream,CURI,$7.37,$387.81,Consumer Services,Movies/Entertainment,NASDAQ,
230,Covanta Holding Corp,CVA,$20.24,"$2,692.10",Industrial Services,Environmental Services,NYSE,
231,Cenovus Energy Inc,CVE,$12.39,"$31,451.17",Energy Minerals,Oil & Gas Production,NYSE,
232,Carvana Co.,CVNA,$291.11,"$50,240.63",Retail Trade,Specialty Stores,NYSE,
233,CVS Health,CVS,$91.52,"$120,811.70",Retail Trade,Drugstore Chains,NYSE,
234,Chevron,CVX,$114.51,"$220,739.21",Energy Minerals,Integrated Oil,NYSE,
235,Clearway Energy,CWEN,$37.86,"$7,441.18",Utilities,Alternative Power Generation,NYSE,
236,"CEMEX, S.A.B. de C.V.",CX,$5.85,"$193,344.58",Non-Energy Minerals,Construction Materials,NYSE,
237,Community Health Systems,CYH,$12.90,"$1,704.19",Health Services,Hospital/Nursing Management,NYSE,
238,Cyxtera Technologies,CYXT,$9.86,"$1,636.55",Technology Services,Data Processing Services,NASDAQ,
239,Cazoo,CZOO,$8.30,"$6,240.54",Finance,Financial Conglomerates,NYSE,
240,Caesars Entertainment Inc.,CZR,$91.20,"$19,496.19",Consumer Services,Casinos/Gaming,NASDAQ,
241,Dominion Energy,D,$73.67,"$59,665.95",Utilities,Electric Utilities,NYSE,
242,Delta Air Lines,DAL,$36.38,"$23,283.70",Transportation,Airlines,NYSE,
243,Dana Holding,DAN,$22.72,"$3,277.00",Producer Manufacturing,Auto Parts: OEM,NYSE,
244,Darling Ingredients,DAR,$71.28,"$11,533.69",Process Industries,Agricultural Commodities/Milling,NYSE,
245,DoorDash Inc,DASH,$187.92,"$64,467.23",Technology Services,Internet Software/Services,NYSE,
246,Deutsche Bank AG,DB,$12.24,"$22,398.79",Finance,Major Banks,NYSE,
247,DigitalBridge Group,DBRG,$8.10,"$4,164.61",Finance,Real Estate Investment Trusts,NYSE,
248,Dropbox,DBX,$24.34,"$9,560.83",Technology Services,Data Processing Services,NASDAQ,
249,DuPont,DD,$76.96,"$39,873.27",Process Industries,Chemicals: Major Diversified,NYSE,
250,Datadog,DDOG,$181.25,"$56,552.95",Technology Services,Packaged Software,NASDAQ,
251,John Deere,DE,$359.30,"$111,405.06",Producer Manufacturing,Trucks/Construction/Farm Machinery,NYSE,
252,Dell Technologies,DELL,$56.18,"$42,984.23",Electronic Technology,Computer Processing Hardware,NYSE,
253,Diageo,DEO,$201.81,"$118,280.40",Consumer Non-Durables,Beverages: Alcoholic,NYSE,
254,Discover Financial Services,DFS,$114.57,"$33,577.68",Finance,Finance/Rental/Leasing,NYSE,
255,Dollar General,DG,$224.42,"$52,359.47",Retail Trade,Discount Stores,NYSE,
256,Diversified Healthcare Trust,DHC,$2.85,$681.14,Finance,Real Estate Investment Trusts,NASDAQ,
257,DR Horton,DHI,$98.75,"$35,207.29",Consumer Durables,Homebuilding,NYSE,
258,Danaher,DHR,$323.96,"$231,494.29",Health Technology,Medical Specialties,NYSE,
259,DiDi Global,DIDI,$7.88,"$38,041.06",Technology Services,Packaged Software,NYSE,
260,Dine Brands Global Inc,DIN,$75.73,"$1,303.84",Consumer Services,Restaurants,NYSE,
261,Walt Disney,DIS,$148.11,"$269,213.03",Consumer Services,Cable/Satellite TV,NYSE,
262,Discovery Communications,DISCA,$24.72,"$12,437.73",Consumer Services,Cable/Satellite TV,NASDAQ,
263,Discovery Communications,DISCK,$24.22,"$12,437.73",Consumer Services,Cable/Satellite TV,NASDAQ,
264,DISH Network,DISH,$33.34,"$17,629.93",Consumer Services,Cable/Satellite TV,NASDAQ,
265,DraftKings Inc,DKNG,$36.04,"$28,812.80",Technology Services,Internet Software/Services,NASDAQ,
266,Digital Realty Trust,DLR,$164.76,"$46,756.81",FInance,Real Estate Investment Trusts,NYSE,
267,Dollar Tree,DLTR,$141.11,"$31,743.54",Retail Trade,Discount Stores,NASDAQ,
268,DocuSign,DOCU,$249.63,"$49,106.79",Technology Services,Packaged Software,NASDAQ,
269,The Dow Chemical Company,DOW,$57.60,"$42,601.78",Process Industries,Chemicals: Specialty,NYSE,
270,Domino's Pizza,DPZ,$529.88,"$19,280.62",Consumer Services,Restaurants,NYSE,
271,Daqo New Energy Corp,DQ,$58.52,"$4,302.01",Process Industries,Chemicals: Specialty,NYSE,
272,Duke Realty,DRE,$58.37,"$22,230.23",Finance,Real Estate Investment Trusts,NYSE,
273,Darden Restaurants,DRI,$140.55,"$18,241.28",Consumer Services,Restaurants,NYSE,
274,DTE Energy Co,DTE,$110.66,"$21,437.86",Utilities,Electric Utilities,NYSE,
275,DT Midstream,DTM,$47.36,"$4,581.25",Industrial Services,Oil & Gas Pipelines,NYSE,
276,Duke Energy,DUK,$99.28,"$76,380.40",Utilities,Electric Utilities,NYSE,
277,Duolingo,DUOL,$122.58,"$4,593.36",Technology Services,Packaged Software,NASDAQ,
278,DaVita HealthCare Partners,DVA,$97.29,"$9,913.85",Health Services,Medical/Nursing Services,NYSE,
279,Devon Energy,DVN,$42.70,"$28,907.90",Energy Minerals,Oil & Gas Production,NYSE,
280,Digital World Acquisition Corp.,DWAC,$43.10,"$1,563.55",Finance,Financial Conglomerates,NASDAQ,
281,DXC Technology,DXC,$30.50,"$7,693.28",Technology Services,Data Processing Services,NYSE,
282,DexCom Inc,DXCM,$591.96,"$57,373.97",Health Technology,Medical Specialties,NASDAQ,
283,Electronic Arts,EA,$125.97,"$35,625.34",Consumer Durables,Recreational Products,NASDAQ,
284,Eventbrite,EB,$16.22,"$1,541.05",Technology Services,Packaged Software,NYSE,
285,eBay,EBAY,$72.47,"$45,366.49",Consumer Services,Other Consumer Services,NASDAQ,
286,Ecolab,ECL,$226.23,"$64,830.10",Process Industries,Chemicals: Specialty,NYSE,
287,Consolidated Edison,ED,$78.67,"$27,829.40",Utilities,Electric Utilities,NYSE,
288,Editas Medicine,EDIT,$32.37,"$2,214.06",Health Technology,Biotechnology,NASDAQ,
289,New Oriental Education & Tech Group,EDU,$2.23,"$3,784.23",Consumer Services,Other Consumer Services,NYSE,
290,Equifax,EFX,$277.74,"$33,884.70",Commercial Services,Miscellaneous Commercial Services,NYSE,
291,Eldorado Gold Corporation,EGO,$9.29,"$2,122.99",Non-Energy Minerals,Precious Metals,NYSE,
292,Edison International,EIX,$64.94,"$24,671.24",Utilities,Electric Utilities,NYSE,
293,Estee Lauder,EL,$334.35,"$120,348.38",Consumer Non-Durables,Household/Personal Care,NYSE,
294,Elanco Animal Health,ELAN,$30.22,"$14,297.04",Process Industries,Agricultural Commodities/Milling,NYSE,
295,Electric Last Mile Solutions,ELMS,$7.95,$986.02,Producer Manufacturing,Electrical Products,NASDAQ,
296,Emerson,EMR,$90.31,"$53,987.32",Producer Manufacturing,Electrical Products,NYSE,
297,Enersis Americas S.A. American,ENIA,$6.42,"$14,077.20",Utilities,Electric Utilities,NYSE,
298,EnLink Midstream LLC,ENLC,$7.05,"$3,440.10",Industrial Services,Oil & Gas Pipelines,NYSE,
299,Enphase Energy Inc,ENPH,$247.42,"$33,380.03",Electronic Technology,Semiconductors,NASDAQ,
300,EOG Resources,EOG,$87.42,"$51,148.56",Energy Minerals,Oil & Gas Production,NYSE,
301,EPAM Systems,EPAM,$609.00,"$34,542.21",Technology Services,Information Technology Services,NYSE,
302,Enterprise Products Partners,EPD,$21.99,"$47,985.02",Industrial Services,Oil & Gas Pipelines,NYSE,
303,Equity Distribution Acquisition Corp,EQD,$9.83,$508.81,Finance,Financial Conglomerates,NYSE,
304,AXA Equitable Holdings,EQH,$32.45,"$13,134.74",Finance,Financial Conglomerates,NYSE,
305,Equinix,EQIX,$793.84,"$71,478.30",Finance,Real Estate Investment Trusts,NASDAQ,
306,Equinor,EQNR,$24.73,"$80,341.54",Energy Minerals,Integrated Oil,NYSE,
307,Equity Residential,EQR,$84.27,"$31,602.61",Finance,Real Estate Investment Trusts,NYSE,
308,EQT Corporation,EQT,$20.99,"$7,933.27",Energy Minerals,Oil & Gas Production,NYSE,
309,Embraer,ERJ,$13.98,"$14,268.76",Electronic Technology,Aerospace & Defense,NYSE,
310,Element Solutions,ESI,$24.11,"$5,967.31",Process Industries,Chemicals: Major Diversified,NYSE,
311,Energy Transfer Equity,ET,$8.84,"$23,919.76",Industrial Services,Oil & Gas Pipelines,NYSE,
312,E.Merge Technology Acquisition Corp,ETAC,$9.84,$749.81,Finance,Financial Conglomerates,NASDAQ,
313,Entergy Corp,ETR,$103.09,"$20,719.15",Utilities,Electric Utilities,NYSE,
314,Equitrans Midstream,ETRN,$10.29,"$4,450.44",Industrial Services,Oil & Gas Pipelines,NYSE,
315,Etsy,ETSY,$291.38,"$36,881.95",Commercial Services,Miscellaneous Commercial Services,NASDAQ,
316,Evercore,EVR,$143.31,"$6,386.28",Finance,Investment Banks/Brokers,NYSE,
317,Edwards Lifesciences,EW,$109.52,"$68,377.10",Health Technology,Medical Specialties,NYSE,
318,Exact Sciences Corporation,EXAS,$85.46,"$14,726.36",Health Technology,Biotechnology,NASDAQ,
319,Exelon,EXC,$53.43,"$52,271.52",Utilities,Electric Utilities,NASDAQ,
320,Exelixis,EXEL,$17.06,"$5,397.74",Health Technology,Biotechnology,NASDAQ,
321,Expedia,EXPE,$159.80,"$24,214.11",Consumer Services,Other Consumer Services,NASDAQ,
322,Ford,F,$19.75,"$78,925.76",Consumer Durables,Motor Vehicles,NYSE,
323,Diamondback Energy Inc,FANG,$107.48,"$19,472.64",Energy Minerals,Oil & Gas Production,NASDAQ,
324,Fastenal Company,FAST,$60.11,"$34,573.07",Distribution Services,Wholesale Distributors,NASDAQ,
325,Meta Platforms,FB,$333.12,"$926,659.54",Technology Services,Internet Software/Services,NASDAQ,
326,FuelCell Energy,FCEL,$8.94,"$3,277.53",Electronic Technology,Electronic Equipment/Instruments,NASDAQ,
327,Freeport,FCX,$37.24,"$54,685.94",Non-Energy Minerals,Other Metals/Minerals,NYSE,
328,FactSet Research Systems,FDS,$458.49,"$17,258.53",Technology Services,Data Processing Services,NYSE,
329,FedEx,FDX,$238.15,"$63,264.55",Transportation,Air Freight/Couriers,NYSE,
330,FirstEnergy,FE,$37.91,"$20,638.95",Utilities,Electric Utilities,NYSE,
331,FutureFuel,FF,$7.83,$342.67,Process Industries,Chemicals: Specialty,NYSE,
332,F5 Networks,FFIV,$226.25,"$13,853.14",Electronic Technology,Computer Communications,NASDAQ,
333,First Horizon National Corporation,FHN,$16.52,"$8,933.19",Finance,Regional Banks,NYSE,
334,FIS,FIS,$108.01,"$65,771.30",Technology Services,Data Processing Services,NYSE,
335,Fiserv,FISV,$98.25,"$64,867.78",Technology Services,Data Processing Services,NASDAQ,
336,Fifth Third Bancorp,FITB,$42.48,"$29,046.00",Finance,Regional Banks,NASDAQ,
337,Foot Locker,FL,$48.70,"$5,055.43",Retail Trade,Apparel/Footwear Retail,NYSE,
338,Flextronics International,FLEX,$17.56,"$8,264.15",Electronic Technology,Electronic Components,NASDAQ,
339,Fluor Corporation,FLR,$22.06,"$3,119.54",Industrial Services,Engineering & Construction,NYSE,
340,FleetCor Technologies,FLT,$215.15,"$17,469.87",Commercial Services,Miscellaneous Commercial Services,NYSE,
341,FirstMark Horizon Acquisition Corp,FMAC,$9.88,$941.85,Finance,Financial Conglomerates,NYSE,
342,Amicus Therapeutics,FOLD,$10.80,"$3,009.30",Health Technology,Biotechnology,NASDAQ,
343,21st Century Fox,FOXA,$37.62,"$20,864.84",Consumer Services,Broadcasting,NASDAQ,
344,Frequency Therapeutics,FREQ,$5.63,$194.81,Health Technology,Biotechnology,NASDAQ,
345,JFrog Ltd,FROG,$33.13,"$3,193.43",Technology Services,Packaged Software,NASDAQ,
346,Freshworks,FRSH,$35.55,"$9,354.16",Technology Services,Packaged Software,NASDAQ,
347,FS KKR Capital,FSK,$21.22,"$6,046.97",Finance,Investment Managers,NYSE,
348,First Solar,FSLR,$105.92,"$11,262.11",Electronic Technology,Electronic Components,NASDAQ,
349,Fastly,FSLY,$40.53,"$4,762.27",Technology Services,Information Technology Services,NYSE,
350,TechnipFMC plc,FTI,$5.93,"$2,672.65",Industrial Services,Oilfield Services/Equipment,NYSE,
351,Fortinet,FTNT,$327.39,"$53,528.17",Electronic Technology,Computer Communications,NASDAQ,
352,Fortive,FTV,$75.72,"$27,151.49",Electronic Technology,Electronic Equipment/Instruments,NYSE,
353,fuboTV,FUBO,$21.04,"$3,042.04",Technology Services,Internet Software/Services,NYSE,
354,Five Star Senior Living Inc,FVE,$3.35,$106.36,Health Services,Hospital/Nursing Management,NASDAQ,
355,Fiverr,FVRR,$147.55,"$5,392.41",Technology Services,Data Processing Services,NYSE,
356,Liberty Media Group,FWONK,$59.27,"$32,476.98",Consumer Services,Movies/Entertainment,NASDAQ,
357,General Dynamics,GD,$193.37,"$53,993.31",Electronic Technology,Aerospace & Defense,NYSE,
358,GoDaddy,GDDY,$66.79,"$11,122.35",Technology Services,Internet Software/Services,NYSE,
359,GDS Holdings,GDS,$55.55,"$10,622.22",Technology Services,Data Processing Services,NASDAQ,
360,General Electric,GE,$97.84,"$107,441.72",Electronic Technology,Aerospace & Defense,NYSE,
361,The GEO Group,GEO,$8.38,"$1,026.84",Finance,Real Estate Investment Trusts,NYSE,
362,Guess,GES,$22.55,"$1,464.77",Consumer Non-Durables,Apparel/Footwear,NYSE,
363,Getnet,GET,$1.23,-,-,-,NASDAQ,
364,Gold Fields,GFI,$10.69,"$9,501.74",Non-Energy Minerals,Precious Metals,NYSE,
365,Grupo Financiero Galicia,GGAL,$9.15,"$232,249.27",Finance,Regional Banks,NASDAQ,
366,Gerdau S.A.,GGB,$4.55,"$41,116.62",Non-Energy Minerals,Steel,NYSE,
367,Gilead Sciences,GILD,$70.27,"$88,145.49",Health Technology,Biotechnology,NASDAQ,
368,General Mills,GIS,$62.76,"$38,013.25",Consumer Non-Durables,Food: Major Diversified,NYSE,
369,Corning,GLW,$37.96,"$32,395.39",Electronic Technology,Electronic Components,NYSE,
370,General Motors,GM,$60.17,"$87,358.41",Consumer Durables,Motor Vehicles,NYSE,
371,GameStop,GME,$199.72,"$15,276.88",Retail Trade,Electronics/Appliance Stores,NYSE,
372,Globus Medical Inc,GMED,$63.95,"$6,451.95",Health Technology,Medical Specialties,NYSE,
373,Global Net Lease,GNL,$14.49,"$1,501.22",Finance,Real Estate Investment Trusts,NYSE,
374,Gentex,GNTX,$35.58,"$8,415.38",Producer Manufacturing,Auto Parts: OEM,NASDAQ,
375,Genworth Financial,GNW,$3.94,"$1,999.10",Finance,Life/Health Insurance,NYSE,
376,Grocery Outlet Holding,GO,$28.52,"$2,738.41",Retail Trade,Food Retail,NASDAQ,
377,Canoo,GOEV,$12.22,"$2,916.06",Consumer Durables,Motor Vehicles,NASDAQ,
378,Gol Intelligent Airlines,GOL,$5.42,"$4,740.57",Transportation,Airlines,NYSE,
379,Barrick Gold,GOLD,$19.38,"$43,401.60",Non-Energy Minerals,Precious Metals,NYSE,
380,Alphabet (Class C),GOOG,"$2,856.12","$1,891,213.85",Technology Services,Internet Software/Services,NASDAQ,
381,Alphabet (Class A),GOOGL,"$2,843.66","$1,891,213.85",Technology Services,Internet Software/Services,NASDAQ,
382,Graphic Packaging Holding,GPK,$20.80,"$6,387.66",Process Industries,Containers/Packaging,NYSE,
383,Green Plains,GPRE,$38.18,"$2,046.29",Process Industries,Chemicals: Specialty,NASDAQ,
384,GoPro,GPRO,$10.27,"$1,602.08",Consumer Durables,Electronics/Appliances,NASDAQ,
385,GAP,GPS,$17.33,"$6,471.08",Retail Trade,Apparel/Footwear Retail,NYSE,
386,Groupon,GRPN,$22.89,$676.64,Commercial Services,Advertising/Marketing Services,NASDAQ,
387,Just Eat Takeaway,GRUB,$13.66,"$12,724.17",Retail Trade,Specialty Stores,NASDAQ,
388,GrowGeneration,GRWG,$17.99,"$1,075.94",Distribution Services,Wholesale Distributors,NASDAQ,
389,Goldman Sachs,GS,$389.39,"$130,365.01",Finance,Investment Banks/Brokers,NYSE,
390,GlaxoSmithKline plc,GSK,$41.02,"$101,776.40",Health Technology,Pharmaceuticals: Major,NYSE,
391,Goodyear,GT,$20.62,"$5,800.25",Consumer Durables,Automotive Aftermarket,NASDAQ,
392,Gitlab,GTLB,$95.99,"$13,777.91",Technology Services,Packaged Software,NASDAQ,
393,Hyatt Hotels,H,$78.13,"$8,590.74",Consumer Services,Hotels/Resorts/Cruise lines,NYSE,
394,Health Assurance Acquisition Corp,HAAC,$9.83,$541.88,Finance,Financial Conglomerates,NASDAQ,
395,Halliburton,HAL,$21.65,"$19,279.31",Industrial Services,Oilfield Services/Equipment,NYSE,
396,Hasbro,HAS,$98.75,"$13,622.25",Consumer Durables,Recreational Products,NASDAQ,
397,Huntington Bancshares Incorporated,HBAN,$15.37,"$22,232.11",Finance,Regional Banks,NASDAQ,
398,Hanesbrands,HBI,$16.82,"$5,873.62",Consumer Non-Durables,Apparel/Footwear,NYSE,
399,HCA Healthcare,HCA,$231.00,"$71,846.27",Health Services,Hospital/Nursing Management,NYSE,
400,Hutchison China,HCM,$35.18,"$4,626.49",Health Technology,Pharmaceuticals: Major,NASDAQ,
401,Home Depot,HD,$402.70,"$420,515.06",Retail Trade,Home Improvement Chains,NYSE,
402,HDFC Bank.,HDB,$66.88,"$109,408.59",Finance,Regional Banks,NYSE,
403,Heico,HEI,$137.80,"$17,787.29",Electronic Technology,Aerospace & Defense,NYSE,
404,Hess Corporation,HES,$76.04,"$23,551.63",Energy Minerals,Oil & Gas Production,NYSE,
405,HollyFrontier,HFC,$31.73,"$5,156.00",Energy Minerals,Oil Refining/Marketing,NYSE,
406,Hilton Grand Vacations,HGV,$49.22,"$5,898.38",Finance,Real Estate Development,NYSE,
407,Hartford Financial Services Group,HIG,$69.25,"$23,569.47",Finance,Multi-Line Insurance,NYSE,
408,Himax Technologies,HIMX,$9.92,"$1,723.77",Electronic Technology,Semiconductors,NASDAQ,
409,Hecla Mining Co.,HL,$5.58,"$3,002.82",Non-Energy Minerals,Precious Metals,NYSE,
410,Herbalife,HLF,$38.78,"$4,348.51",Distribution Services,Medical Distributors,NYSE,
411,Hilton,HLT,$136.21,"$37,964.67",Consumer Services,Hotels/Resorts/Cruise lines,NYSE,
412,Honda Motor,HMC,$27.98,"$50,800.74",Consumer Durables,Motor Vehicles,NYSE,
413,Harmony Gold Mining Company Limited,HMY,$3.86,"$2,317.81",Non-Energy Minerals,Precious Metals,NYSE,
414,Harley-Davidson,HOG,$37.40,"$5,754.99",Consumer Durables,Motor Vehicles,NYSE,
415,Hologic,HOLX,$76.83,"$19,316.64",Health Technology,Medical Specialties,NASDAQ,
416,Honeywell,HON,$208.21,"$143,748.00",Producer Manufacturing,Industrial Conglomerates,NYSE,
417,Robinhood,HOOD,$27.92,"$24,002.99",Technology Services,Packaged Software,NASDAQ,
418,Hewlett Packard,HPE,$14.43,"$18,875.15",Electronic Technology,Computer Processing Hardware,NYSE,
419,HP,HPQ,$34.58,"$39,854.07",Electronic Technology,Computer Processing Hardware,NYSE,
420,H&R Block,HRB,$25.03,"$4,456.72",Consumer Services,Other Consumer Services,NYSE,
421,Hormel Foods Corporation,HRL,$42.81,"$23,226.86",Consumer Non-Durables,Food: Meat/Fish/Dairy,NYSE,
422,HSBC,HSBC,$27.77,"$112,951.48",Finance,Major Banks,NYSE,
423,Henry Schein,HSIC,$73.64,"$10,211.98",Distribution Services,Medical Distributors,NASDAQ,
424,Host Hotels & Resorts,HST,$16.43,"$11,731.60",Finance,Real Estate Investment Trusts,NASDAQ,
425,Huazhu Group,HTHT,$39.67,"$12,614.06",Consumer Services,Hotels/Resorts/Cruise lines,NASDAQ,
426,Hertz Global Holdings,HTZ,$23.87,"$11,283.07",Finance,Finance/Rental/Leasing,NASDAQ,
427,HubSpot,HUBS,$803.47,"$37,963.88",Technology Services,Information Technology Services,NYSE,
428,Humana,HUM,$428.49,"$55,075.62",Health Services,Managed Health Care,NYSE,
429,Huntsman Corporation,HUN,$32.57,"$7,101.26",Process Industries,Chemicals: Major Diversified,NYSE,
430,HUYA,HUYA,$7.95,"$1,888.47",Technology Services,Packaged Software,NYSE,
431,Howmet Aerospace,HWM,$28.75,"$12,282.52",Non-Energy Minerals,Aluminum,NYSE,
432,Hyzon Motors,HYZN,$8.07,"$1,998.49",Distribution Services,Wholesale Distributors,NASDAQ,
433,Iamgold Corp,IAG,$3.09,"$1,895.36",Non-Energy Minerals,Precious Metals,NYSE,
434,Interactive Brokers,IBKR,$74.33,"$31,525.81",Finance,Investment Banks/Brokers,NASDAQ,
435,IBM,IBM,$115.81,"$103,858.44",Technology Services,Information Technology Services,NYSE,
436,ICICI Bank,IBN,$18.82,"$66,557.55",Finance,Regional Banks,NYSE,
437,Intercontinental Exchange,ICE,$129.68,"$73,062.27",Finance,Investment Banks/Brokers,NYSE,
438,Intercept Pharmaceuticals,ICPT,$17.10,$505.25,Health Technology,Pharmaceuticals: Other,NASDAQ,
439,IDEXX Laboratories,IDXX,$607.52,"$51,513.81",Health Technology,Medical Specialties,NASDAQ,
440,IGM Biosciences,IGMS,$49.64,"$1,611.24",Health Technology,Pharmaceuticals: Major,NASDAQ,
441,International Game Technology,IGT,$27.19,"$5,570.05",Consumer Services,Casinos/Gaming,NYSE,
442,Intercontinental Hotels Group,IHG,$62.76,"$11,582.19",Consumer Services,Hotels/Resorts/Cruise lines,NYSE,
443,Innovative Industrial Properties,IIPR,$266.46,"$6,375.93",Finance,Real Estate Investment Trusts,NYSE,
444,Illumina,ILMN,$369.79,"$57,798.18",Health Technology,Biotechnology,NASDAQ,
445,ImmunoGen,IMGN,$4.81,$974.60,Health Technology,Biotechnology,NASDAQ,
446,Incyte,INCY,$68.38,"$15,104.50",Health Technology,Biotechnology,NASDAQ,
447,indie Semiconductor,INDI,$13.47,"$1,374.57",Finance,Financial Conglomerates,NASDAQ,
448,Infinera Corporation,INFN,$8.16,"$1,720.03",Electronic Technology,Telecommunications Equipment,NASDAQ,
449,Infosys,INFY,$22.20,"$95,161.72",Technology Services,Information Technology Services,NYSE,
450,Inovio Pharmaceuticals In,INO,$7.25,"$1,525.30",Health Technology,Medical Specialties,NASDAQ,
451,Intel,INTC,$48.78,"$197,900.41",Electronic Technology,Semiconductors,NASDAQ,
452,Intuit,INTU,$666.91,"$188,846.83",Technology Services,Packaged Software,NASDAQ,
453,Invitation Homes,INVH,$41.15,"$24,557.02",Finance,Real Estate Investment Trusts,NYSE,
454,International Paper Company,IP,$47.53,"$18,406.61",Process Industries,Containers/Packaging,NYSE,
455,Interpublic Group of Companies,IPG,$33.79,"$13,304.99",Commercial Services,Advertising/Marketing Services,NYSE,
456,Social Capital Hedosophia Holdings Corp IV,IPOD,$10.22,$587.65,Finance,Financial Conglomerates,NYSE,
457,Social Capital Hedosophia Holdings Corp VI,IPOF,$10.26,"$1,474.88",Finance,Financial Conglomerates,NYSE,
458,iQIYI,IQ,$6.54,"$5,130.25",Technology Services,Internet Software/Services,NASDAQ,
459,iRobot,IRBT,$79.70,"$2,148.58",Consumer Durables,Electronics/Appliances,NASDAQ,
460,Iron Mountain,IRM,$46.69,"$13,519.07",Finance,Real Estate Investment Trusts,NYSE,
461,ironSource,IS,$8.94,"$9,076.17",Technology Services,Packaged Software,NYSE,
462,Investors Bancorp,ISBC,$15.42,"$3,820.25",Finance,Savings Banks,NASDAQ,
463,Intuitive Surgical,ISRG,$329.23,"$117,525.93",Health Technology,Medical Specialties,NASDAQ,
464,Gartner,IT,$321.22,"$26,416.81",Commercial Services,Miscellaneous Commercial Services,NYSE,
465,Itaú Unibanco,ITUB,$4.03,"$211,224.40",Finance,Major Banks,NYSE,
466,Illinois Tool Works,ITW,$234.75,"$73,683.49",Producer Manufacturing,Industrial Machinery,NYSE,
467,Invesco Mortgage Capital,IVR,$3.08,$960.16,Finance,Real Estate Investment Trusts,NYSE,
468,Invesco,IVZ,$23.13,"$10,667.70",Finance,Investment Managers,NYSE,
469,Jazz Pharmaceuticals,JAZZ,$124.09,"$7,627.77",Health Technology,Pharmaceuticals: Other,NASDAQ,
470,J.B. Hunt,JBHT,$194.57,"$20,432.54",Transportation,Trucking,NASDAQ,
471,Janus International Group,JBI,$12.81,"$1,877.46",Finance,Financial Conglomerates,NYSE,
472,JetBlue Airways,JBLU,$13.62,"$4,331.57",Transportation,Airlines,NASDAQ,
473,JD.com,JD,$88.67,"$141,261.77",Retail Trade,Internet Retail,NASDAQ,
474,Jefferies Financial Group,JEF,$39.08,"$9,596.53",Finance,Investment Banks/Brokers,NYSE,
475,Jack Henry & Associates,JKHY,$151.14,"$11,190.56",Technology Services,Information Technology Services,NASDAQ,
476,Jinkosolar Holding,JKS,$53.13,"$2,535.88",Producer Manufacturing,Electrical Products,NYSE,
477,Jumia,JMIA,$13.64,"$1,222.55",Technology Services,Internet Software/Services,NYSE,
478,J&J,JNJ,$159.20,"$419,109.28",Health Technology,Pharmaceuticals: Major,NYSE,
479,Juniper Networks,JNPR,$31.45,"$10,226.94",Technology Services,Information Technology Services,NYSE,
480,Joby Aviation,JOBY,$8.39,"$5,066.67",Finance,Financial Conglomerates,NYSE,
481,JPMorgan,JPM,$161.93,"$478,546.04",Finance,Major Banks,NYSE,
482,Nordstrom,JWN,$22.41,"$3,561.46",Retail Trade,Apparel/Footwear Retail,NYSE,
483,Kellogg's,K,$63.64,"$21,709.05",Consumer Non-Durables,Food: Major Diversified,NYSE,
484,KAR Auction Services,KAR,$15.50,"$1,877.89",Commercial Services,Miscellaneous Commercial Services,NYSE,
485,Kyndryl,KD,$16.32,"$3,657.90",Finance,Financial Conglomerates,NYSE,
486,Keurig Dr Pepper,KDP,$34.98,"$49,600.28",Consumer Non-Durables,Beverages: Non-Alcoholic,NASDAQ,
487,KeyCorp.,KEY,$22.90,"$21,321.24",Finance,Major Banks,NYSE,
488,Keysight Technologies,KEYS,$191.37,"$35,249.55",Electronic Technology,Electronic Equipment/Instruments,NYSE,
489,Kinross Gold Corporation,KGC,$6.13,"$9,649.97",Non-Energy Minerals,Precious Metals,NYSE,
490,Kraft Heinz,KHC,$34.83,"$42,633.39",Consumer Non-Durables,Food: Major Diversified,NASDAQ,
491,Kimco Realty Corporation,KIM,$23.24,"$14,325.79",Finance,Real Estate Investment Trusts,NYSE,
492,KKR & Co,KKR,$74.35,"$63,988.26",Finance,Investment Managers,NYSE,
493,Kimberly-Clark,KMB,$135.27,"$45,553.81",Consumer Non-Durables,Household/Personal Care,NYSE,
494,Kinder Morgan,KMI,$16.26,"$39,775.90",Industrial Services,Oil & Gas Pipelines,NYSE,
495,Knight-Swift Transportation Holdings,KNX,$57.39,"$9,524.28",Transportation,Trucking,NYSE,
496,Coca-Cola,KO,$53.73,"$232,082.43",Consumer Non-Durables,Beverages: Non-Alcoholic,NYSE,
497,Katapult Holdings,KPLT,$3.92,$382.09,Finance,Financial Conglomerates,NASDAQ,
498,Kroger Co,KR,$43.14,"$32,080.56",Retail Trade,Food Retail,NYSE,
499,Kohl's,KSS,$53.92,"$8,116.80",Retail Trade,Department Stores,NYSE,
500,KT,KT,$12.76,"$6,712.18",Communications,Major Telecommunications,NYSE,
501,Kratos,KTOS,$20.09,"$2,490.88",Electronic Technology,Aerospace & Defense,NASDAQ,
502,Luminar Technologies,LAZR,$17.63,-,Producer Manufacturing,Auto Parts: OEM,NASDAQ,
503,Lucid Group,LCID,$51.72,"$85,150.05",Finance,Financial Conglomerates,NASDAQ,
504,Leidos Holdings,LDOS,$91.16,"$12,793.33",Technology Services,Information Technology Services,NYSE,
505,Lennar,LEN,$107.04,"$32,383.37",Consumer Durables,Homebuilding,NYSE,
506,Leslies Inc,LESL,$20.82,"$3,951.17",Retail Trade,Specialty Stores,NASDAQ,
507,Levi Strauss & Co,LEVI,$27.20,"$10,935.31",Consumer Non-Durables,Apparel/Footwear,NYSE,
508,Li Auto Inc.,LI,$32.40,"$33,654.56",Producer Manufacturing,Auto Parts: OEM,NASDAQ,
509,Linde,LIN,$320.57,"$164,309.63",Process Industries,Chemicals: Specialty,NYSE,
510,LKQ,LKQ,$57.56,"$16,778.23",Consumer Durables,Automotive Aftermarket,NASDAQ,
511,Eli Lilly,LLY,$260.37,"$249,067.93",Health Technology,Pharmaceuticals: Major,NYSE,
512,Lemonade,LMND,$52.80,"$3,253.93",Finance,Property/Casualty Insurance,NYSE,
513,Lockheed Martin,LMT,$342.72,"$94,517.52",Electronic Technology,Aerospace & Defense,NYSE,
514,Cheniere Energy,LNG,$106.89,"$27,106.06",Industrial Services,Oil & Gas Pipelines,NYSE AMERICAN,
515,Logitech International SA,LOGI,$84.77,"$14,674.14",Electronic Technology,Computer Peripherals,NASDAQ,
516,Loma Negra Compania Industrial Argentina SA,LOMA,$5.99,"$157,649.01",Non-Energy Minerals,Construction Materials,NYSE,
517,Lowe’s,LOW,$247.69,"$166,880.47",Retail Trade,Home Improvement Chains,NYSE,
518,LG Display,LPL,$8.56,"$5,961.34",Electronic Technology,Electronic Production Equipment,NYSE,
519,Lam Research,LRCX,$641.98,"$90,389.88",Electronic Technology,Electronic Production Equipment,NASDAQ,
520,Lattice Semiconductor Corp,LSCC,$75.34,"$10,317.04",Electronic Technology,Semiconductors,NASDAQ,
521,LTC Properties,LTC,$32.27,"$1,270.60",Finance,Real Estate Investment Trusts,NYSE,
522,Livent,LTHM,$29.46,"$4,760.00",Process Industries,Chemicals: Specialty,NYSE,
523,Lululemon,LULU,$456.58,"$59,270.25",Retail Trade,Apparel/Footwear Retail,NASDAQ,
524,Lumen Technologies,LUMN,$13.19,"$13,505.15",Communications,Specialty Telecommunications,NYSE,
525,Southwest Airlines,LUV,$44.96,"$26,612.72",Transportation,Airlines,NYSE,
526,Las Vegas Sands,LVS,$37.87,"$28,932.29",Consumer Services,Casinos/Gaming,NYSE,
527,LexinFintech Holdings,LX,$4.45,$810.81,Finance,Finance/Rental/Leasing,NASDAQ,
528,Lexicon Pharmaceuticals,LXRX,$4.74,$705.77,Health Technology,Biotechnology,NASDAQ,
529,Lyft,LYFT,$42.40,"$14,446.51",Technology Services,Packaged Software,NASDAQ,
530,Live Nation Entertainment,LYV,$103.53,"$23,259.04",Consumer Services,Movies/Entertainment,NYSE,
531,Macy's,M,$30.48,"$9,439.80",Retail Trade,Department Stores,NYSE,
532,Mastercard,MA,$324.17,"$318,515.61",Finance,Finance/Rental/Leasing,NYSE,
533,Manchester United,MANU,$15.49,"$2,550.03",Consumer Services,Movies/Entertainment,NYSE,
534,Marriott,MAR,$147.44,"$48,018.70",Consumer Services,Hotels/Resorts/Cruise lines,NASDAQ,
535,Marathon Digital Holdings,MARA,$49.20,"$5,049.43",Technology Services,Data Processing Services,NASDAQ,
536,Masco Corporation,MAS,$67.08,"$16,373.38",Producer Manufacturing,Building Products,NYSE,
537,Mattel,MAT,$21.97,"$7,697.00",Consumer Durables,Recreational Products,NASDAQ,
538,Maxeon Solar Technologies,MAXN,$19.02,$841.30,Utilities,Alternative Power Generation,NASDAQ,
539,Maxar Technologies,MAXR,$27.52,"$2,083.12",Technology Services,Information Technology Services,NYSE,
540,Mobile TeleSystems PJSC,MBT,$7.97,"$598,394.68",Communications,Wireless Telecommunications,NYSE,
541,McDonald’s,MCD,$250.01,"$186,818.84",Consumer Services,Restaurants,NYSE,
542,McAfee Corp,MCFE,$25.60,"$11,186.06",Technology Services,Packaged Software,NASDAQ,
543,Microchip Technology,MCHP,$80.07,"$44,428.49",Electronic Technology,Semiconductors,NASDAQ,
544,Moody's,MCO,$384.09,"$71,402.33",Commercial Services,Financial Publishing/Services,NYSE,
545,MongoDB,MDB,$518.61,"$34,320.62",Technology Services,Packaged Software,NASDAQ,
546,Mondelez,MDLZ,$60.25,"$84,047.06",Consumer Non-Durables,Food: Major Diversified,NASDAQ,
547,Allscripts Healthcare Solutions,MDRX,$16.59,"$2,033.48",Technology Services,Information Technology Services,NASDAQ,
548,Medtronic,MDT,$111.05,"$149,346.82",Health Technology,Medical Specialties,NYSE,
549,23andMe Holding Co,ME,$9.14,"$3,721.95",Finance,Financial Conglomerates,NASDAQ,
550,MercadoLibre,MELI,"$1,258.71","$63,513.18",Technology Services,Internet Software/Services,NASDAQ,
551,Metlife,MET,$60.10,"$50,553.72",Finance,Life/Health Insurance,NYSE,
552,MFA Financial,MFA,$4.41,"$1,944.49",Finance,Real Estate Investment Trusts,NYSE,
553,Mizuho Financial Group,MFG,$2.47,"$31,195.29",Finance,Major Banks,NYSE,
554,MoneyGram,MGI,$5.83,$534.54,Commercial Services,Miscellaneous Commercial Services,NASDAQ,
555,MGM Resorts,MGM,$41.85,"$19,625.97",Consumer Services,Casinos/Gaming,NYSE,
556,Mimecast,MIME,$77.94,"$5,174.81",Technology Services,Packaged Software,NASDAQ,
557,Mirion Technologies,MIR,$11.05,"$2,299.33",Electronic Technology,Electronic Equipment/Instruments,NYSE,
558,Markel Corp.,MKL,"$1,245.34","$17,021.61",Finance,Specialty Insurance,NYSE,
559,Melco Crown Entertainment Limited,MLCO,$10.40,"$4,962.91",Consumer Services,Casinos/Gaming,NASDAQ,
560,Marsh & McLennan,MMC,$166.41,"$84,019.63",Finance,Insurance Brokers/Services,NYSE,
561,3M,MMM,$175.52,"$101,143.89",Producer Manufacturing,Industrial Conglomerates,NYSE,
562,Mandiant,MNDT,$17.06,"$4,094.18",Technology Services,Information Technology Services,NASDAQ,
563,Monster,MNST,$87.05,"$46,061.55",Consumer Non-Durables,Beverages: Non-Alcoholic,NASDAQ,
564,Momentus,MNTS,$7.53,$606.77,FInance,Financial Conglomerates,NASDAQ,
565,Altria,MO,$43.74,"$80,349.86",Consumer Non-Durables,Tobacco,NYSE,
566,Hello Group,MOMO,$12.49,"$2,572.94",Technology Services,Information Technology Services,NASDAQ,
567,Morningstar,MORN,$310.63,"$13,386.75",Finance,Investment Managers,NASDAQ,
568,"Mosaic Company, The",MOS,$35.32,"$13,384.25",Process Industries,Chemicals: Agricultural,NYSE,
569,MP Materials,MP,$42.56,"$7,564.93",Non-Energy Minerals,Other Metals/Minerals,NYSE,
570,Marathon Petroleum,MPC,$61.35,"$37,766.30",Energy Minerals,Oil Refining/Marketing,NYSE,
571,MPLX LP,MPLX,$30.42,"$31,024.23",Industrial Services,Oil & Gas Pipelines,NYSE,
572,Medical Properties Trust,MPW,$21.61,"$12,886.04",Finance,Real Estate Investment Trusts,NYSE,
573,Marqeta,MQ,$22.05,"$11,910.03",Finance,Regional Banks,NASDAQ,
574,Merck,MRK,$79.16,"$199,953.74",Health Technology,Pharmaceuticals: Major,NYSE,
575,Moderna,MRNA,$329.63,"$133,648.25",Health Technology,Biotechnology,NASDAQ,
576,Marathon Oil Corporation,MRO,$15.70,"$12,223.03",Energy Minerals,Oil & Gas Production,NYSE,
577,Marvell Technology,MRVL,$71.99,"$59,290.96",Electronic Technology,Semiconductors,NASDAQ,
578,Morgan Stanley,MS,$97.93,"$175,726.67",Finance,Investment Banks/Brokers,NYSE,
579,Microsoft,MSFT,$329.68,"$2,475,231.12",Technology Services,Packaged Software,NASDAQ,
580,Madison Square Garden Sports Corp,MSGS,$172.63,"$4,330.45",Consumer Services,Movies/Entertainment,NYSE,
581,Motorola Solutions,MSI,$253.58,"$42,937.31",Electronic Technology,Aerospace & Defense,NYSE,
582,Datto Holding Corp,MSP,$23.94,"$3,903.98",Technology Services,Packaged Software,NYSE,
583,Microstrategy,MSTR,$663.00,"$6,867.09",Technology Services,Internet Software/Services,NASDAQ,
584,Match Group,MTCH,$133.67,"$37,840.00",Technology Services,Internet Software/Services,NASDAQ,
585,Mettler-Toledo International,MTD,"$1,496.65","$34,401.47",Health Technology,Medical Specialties,NYSE,
586,Matador Resources,MTDR,$38.80,"$4,552.62",Energy Minerals,Oil & Gas Production,NYSE,
587,MGIC Investment,MTG,$14.52,"$4,727.46",FInance,Specialty Insurance,NYSE,
588,Micron Technology,MU,$83.42,"$93,315.53",Electronic Technology,Semiconductors,NASDAQ,
589,MUFJ Financial Group,MUFG,$5.38,"$72,077.42",Finance,Major Banks,NYSE,
590,Murphy Oil Corporation,MUR,$25.80,"$3,985.04",Energy Minerals,Oil & Gas Production,NYSE,
591,McEwen Mining Inc,MUX,$1.03,$472.96,Non-Energy Minerals,Precious Metals,NYSE,
592,Microvision,MVIS,$7.01,"$1,150.37",Electronic Technology,Electronic Production Equipment,NASDAQ,
593,Navient Corporation,NAVI,$19.95,"$3,215.39",Finance,Finance/Rental/Leasing,NASDAQ,
594,New Age Beverage,NBEV,$1.24,$182.05,Consumer Non-Durables,Beverages: Alcoholic,NASDAQ,
595,Neurocrine Biosciences,NBIX,$86.98,"$8,251.50",Health Technology,Biotechnology,NASDAQ,
596,Norwegian Cruise Line Holdings,NCLH,$20.06,"$8,362.84",Consumer Services,Hotels/Resorts/Cruise lines,NYSE,
597,Nasdaq OMX Group,NDAQ,$203.68,"$34,059.78",Finance,Investment Banks/Brokers,NASDAQ,
598,NextEra Energy,NEE,$86.09,"$168,887.57",Utilities,Electric Utilities,NYSE,
599,Newmont Mining,NEM,$55.94,"$44,608.52",Non-Energy Minerals,Precious Metals,NYSE,
600,Cloudflare,NET,$200.12,"$64,387.71",Technology Services,Information Technology Services,NYSE,
601,Netflix,NFLX,$665.64,"$294,846.64",Consumer Services,Cable/Satellite TV,NASDAQ,
602,NICE Systems,NICE,$276.22,"$17,403.26",Technology Services,Information Technology Services,NASDAQ,
603,NIO,NIO,$39.99,"$63,663.76",Consumer Durables,Motor Vehicles,NYSE,
604,Nike,NKE,$168.02,"$265,944.92",Consumer Non-Durables,Apparel/Footwear,NYSE,
605,Nikola Corporation,NKLA,$10.46,"$4,229.79",Consumer Durables,Motor Vehicles,NASDAQ,
606,Nektar Therapeutics,NKTR,$11.21,"$2,068.89",Health Technology,Pharmaceuticals: Major,NASDAQ,
607,NortonLifeLock,NLOK,$24.99,"$14,538.53",Technology Services,Packaged Software,NASDAQ,
608,Annaly Capital Management,NLY,$8.35,"$12,108.50",Finance,Real Estate Investment Trusts,NYSE,
609,Nomura,NMR,$4.22,"$13,923.57",Finance,Investment Banks/Brokers,NYSE,
610,Noah Holdings Limited,NOAH,$38.05,"$2,288.09",Finance,Investment Banks/Brokers,NYSE,
611,Northrop Grumman,NOC,$353.98,"$56,119.14",Electronic Technology,Aerospace & Defense,NYSE,
612,National Oilwell Varco,NOV,$12.49,"$4,879.74",Industrial Services,Oilfield Services/Equipment,NYSE,
613,Sunnova Energy International,NOVA,$36.55,"$4,103.34",Distribution Services,Wholesale Distributors,NYSE,
614,ServiceNow,NOW,$649.55,"$129,260.45",Technology Services,Information Technology Services,NYSE,
615,NeoPhotonics,NPTN,$15.44,$813.62,Electronic Technology,Electronic Components,NYSE,
616,Nerdy,NRDY,$6.49,"$1,024.42",Technology Services,Internet Software/Services,NYSE,
617,NRG Energy,NRG,$36.25,"$8,875.40",Utilities,Electric Utilities,NYSE,
618,New Residential Investment,NRZ,$11.01,"$5,137.04",Finance,Real Estate Investment Trusts,NYSE,
619,Norfolk Southern Corporation,NSC,$269.65,"$65,617.82",Transportation,Railroads,NYSE,
620,NetApp,NTAP,$88.32,"$19,750.95",Electronic Technology,Computer Peripherals,NASDAQ,
621,Natura Holding S.A.,NTCO,$9.84,"$37,286.75",Consumer Non-Durables,Household/Personal Care,NYSE,
622,NetEase,NTES,$114.33,"$76,781.69",Technology Services,Internet Software/Services,NASDAQ,
623,Nutanix,NTNX,$34.58,"$7,501.30",Technology Services,Packaged Software,NASDAQ,
624,Northern Trust Corporation,NTRS,$118.89,"$24,688.84",Finance,Regional Banks,NASDAQ,
625,Nucor,NUE,$113.98,"$32,575.37",Non-Energy Minerals,Steel,NYSE,
626,NuVasive,NUVA,$50.60,"$2,617.85",Health Technology,Medical Specialties,NASDAQ,
627,Novavax,NVAX,$217.97,"$16,480.29",Health Technology,Biotechnology,NASDAQ,
628,NovoCure,NVCR,$97.01,"$10,071.50",Health Technology,Medical Specialties,NASDAQ,
629,Nvidia,NVDA,$315.03,"$787,575.00",Electronic Technology,Semiconductors,NASDAQ,
630,Novo Nordisk,NVO,$108.17,"$190,861.85",Health Technology,Pharmaceuticals: Major,NYSE,
631,NVR,NVR,"$5,291.10","$18,427.56",Consumer Durables,Homebuilding,NYSE,
632,Novartis AG,NVS,$80.70,"$196,522.17",Health Technology,Pharmaceuticals: Major,NYSE,
633,Invitae Corporation,NVTA,$17.99,"$4,072.41",Health Services,Medical/Nursing Services,NYSE,
634,Newell Rubbermaid,NWL,$22.46,"$9,554.48",Producer Manufacturing,Industrial Conglomerates,NASDAQ,
635,News Corporation,NWSA,$21.45,"$12,773.12",Consumer Services,Publishing: Newspapers,NASDAQ,
636,New York Community Bancorp,NYCB,$12.40,"$5,766.26",Finance,Savings Banks,NYSE,
637,New York Mortgage Trust,NYMT,$3.84,"$1,456.46",Finance,Real Estate Investment Trusts,NASDAQ,
638,New York Times,NYT,$47.35,"$7,948.91",Consumer Services,Publishing: Newspapers,NYSE,
639,Realty Income,O,$69.47,"$39,307.02",Finance,Real Estate Investment Trusts,NYSE,
640,Office Depot,ODP,$38.58,"$1,989.70",Retail Trade,Specialty Stores,NASDAQ,
641,Organon & Co.,OGN,$31.13,"$7,893.01",Health Technology,Pharmaceuticals: Major,NYSE,
642,Oneok,OKE,$62.47,"$27,857.67",Industrial Services,Oil & Gas Pipelines,NYSE,
643,Okta,OKTA,$222.69,"$34,441.86",Technology Services,Packaged Software,NASDAQ,
644,Olin,OLN,$58.70,"$9,419.12",Process Industries,Industrial Specialties,NYSE,
645,Omnicom Group,OMC,$67.75,"$14,400.83",Commercial Services,Advertising/Marketing Services,NYSE,
646,ON Semiconductor,ON,$60.30,"$25,979.27",Electronic Technology,Semiconductors,NASDAQ,
647,Opendoor Technologies,OPEN,$16.37,"$10,028.47",Technology Services,Internet Software/Services,NASDAQ,
648,OppFi,OPFI,$5.20,$571.82,Technology Services,Internet Software/Services,NYSE,
649,Opko Health,OPK,$4.13,"$2,813.94",Health Technology,Pharmaceuticals: Major,NASDAQ,
650,Ormat Technologies,ORA,$76.53,"$4,285.79",Utilities,Alternative Power Generation,NYSE,
651,Oracle,ORCL,$92.33,"$252,401.14",Technology Services,Packaged Software,NYSE,
652,Origin Materials,ORGN,$7.04,$994.43,Process Industries,Chemicals: Specialty,NASDAQ,
653,O'Reilly Auto Parts,ORLY,$635.73,"$42,834.47",Retail Trade,Specialty Stores,NASDAQ,
654,Oscar Health Inc.,OSCR,$9.82,"$2,057.45",Health Services,Hospital/Nursing Management,NYSE,
655,Overstock.com,OSTK,$92.18,"$3,965.08",Retail Trade,Internet Retail,NASDAQ,
656,Otis Worldwide Corp,OTIS,$83.19,"$35,336.53",Producer Manufacturing,Building Products,NYSE,
657,Oatly,OTLY,$9.67,"$5,722.48",Consumer Non-Durables,Food: Major Diversified,NASDAQ,
658,Encana Corporation,OVV,$34.16,"$11,581.74",Energy Minerals,Oil & Gas Production,NYSE,
659,Occidental,OXY,$29.70,"$27,739.23",Energy Minerals,Oil & Gas Production,NYSE,
660,Ozon,OZON,$40.62,"$8,819.97",Retail Trade,Internet Retail,NASDAQ,
661,Plains All American Pipeline,PAA,$9.90,"$7,040.11",Industrial Services,Oil & Gas Pipelines,NASDAQ,
662,Pan American Silver Corp,PAAS,$25.79,"$6,859.06",Non-Energy Minerals,Precious Metals,NASDAQ,
663,Pacific Biosciences of California,PACB,$23.32,"$5,144.35",Health Technology,Biotechnology,NASDAQ,
664,Pampa Energia SA,PAM,$16.80,"$195,760.38",Utilities,Electric Utilities,NYSE,
665,Palo Alto Networks,PANW,$533.24,"$52,612.86",Electronic Technology,Computer Communications,NYSE,
666,UiPath,PATH,$49.67,"$25,507.30",Technology Services,Packaged Software,NYSE,
667,Payoneer Global,PAYO,$7.81,"$2,647.65",Commercial Services,Miscellaneous Commercial Services,NASDAQ,
668,Paychex,PAYX,$122.45,"$44,154.33",Technology Services,Data Processing Services,NASDAQ,
669,People's United Financial,PBCT,$17.82,"$7,627.40",Finance,Major Banks,NASDAQ,
670,PBF Energy,PBF,$12.23,"$1,470.60",Energy Minerals,Oil Refining/Marketing,NYSE,
671,Prestige Brands,PBH,$56.41,"$2,826.38",Health Technology,Pharmaceuticals: Other,NYSE,
672,Pitney Bowes,PBI,$7.15,"$1,258.86",Producer Manufacturing,Office Equipment/Supplies,NYSE,
673,Petroleo Brasileiro S.A.,PBR,$10.47,"$377,671.62",Energy Minerals,Integrated Oil,NYSE,
674,Paccar,PCAR,$86.54,"$30,044.72",Producer Manufacturing,Trucks/Construction/Farm Machinery,NASDAQ,
675,PG&E Corporation,PCG,$12.24,"$24,300.92",Utilities,Electric Utilities,NYSE,
676,Pagerduty,PD,$36.99,"$3,143.13",Technology Services,Packaged Software,NYSE,
677,PDC Energy Inc,PDCE,$52.79,"$5,140.75",Energy Minerals,Oil & Gas Production,NASDAQ,
678,Pinduoduo Inc,PDD,$68.46,"$85,876.70",Retail Trade,Internet Retail,NASDAQ,
679,Public Service Enterprise Group,PEG,$63.64,"$32,180.44",Utilities,Electric Utilities,NYSE,
680,Penn National Gaming Inc,PENN,$52.77,"$8,945.27",Consumer Services,Casinos/Gaming,NASDAQ,
681,PepsiCo,PEP,$161.14,"$222,800.54",Consumer Non-Durables,Beverages: Non-Alcoholic,NASDAQ,
682,Pfizer,PFE,$54.00,"$303,094.76",Health Technology,Pharmaceuticals: Major,NYSE,
683,P&G,PG,$147.47,"$356,869.59",Consumer Non-Durables,Household/Personal Care,NYSE,
684,Progressive,PGR,$94.59,"$55,341.16",Finance,Property/Casualty Insurance,NYSE,
685,Parker-Hannifin,PH,$309.64,"$39,793.36",Producer Manufacturing,Industrial Machinery,NYSE,
686,PulteGroup,PHM,$51.59,"$13,061.85",Consumer Durables,Homebuilding,NYSE,
687,Pinterest,PINS,$42.80,"$27,914.01",Technology Services,Internet Software/Services,NYSE,
688,Anaplan,PLAN,$43.12,"$6,303.39",Technology Services,Packaged Software,NYSE,
689,Prologis,PLD,$149.88,"$110,810.32",Finance,Real Estate Investment Trusts,NYSE,
690,Planet Fitness,PLNT,$84.50,"$7,318.34",Consumer Services,Other Consumer Services,NYSE,
691,Palantir,PLTR,$21.03,"$42,140.23",Technology Services,Packaged Software,NYSE,
692,Plug Power,PLUG,$40.25,"$23,198.32",Electronic Technology,Electronic Components,NASDAQ,
693,Philip Morris,PM,$88.68,"$138,059.42",Consumer Non-Durables,Tobacco,NYSE,
694,PNC Financial,PNC,$200.10,"$84,570.41",Finance,Major Banks,NYSE,
695,Poshmark,POSH,$19.03,"$1,465.37",Retail Trade,Apparel/Footwear Retail,NASDAQ,
696,PPG Industries,PPG,$155.60,"$36,939.57",Process Industries,Industrial Specialties,NYSE,
697,PPL Corporation,PPL,$28.18,"$21,155.17",Utilities,Electric Utilities,NYSE,
698,Primerica,PRI,$146.97,"$5,803.82",Finance,Life/Health Insurance,NYSE,
699,CC Neuberger Principal Holdings II,PRPB,$9.89,"$1,073.07",Finance,Financial Conglomerates,NYSE,
700,Prudential Financial,PRU,$105.10,"$39,727.80",Finance,Financial Conglomerates,NYSE,
701,Public Storage,PSA,$327.02,"$57,344.43",Finance,Real Estate Investment Trusts,NYSE,
702,Pure Storage,PSTG,$29.87,"$8,515.16",Electronic Technology,Computer Peripherals,NYSE,
703,"Pershing Square Tontine Holdings, Ltd.",PSTH,$20.21,"$4,042.00",Finance,Financial Conglomerates,NYSE,
704,Phillips 66,PSX,$69.25,"$30,343.29",Energy Minerals,Oil Refining/Marketing,NYSE,
705,Patterson-UTI Energy,PTEN,$7.16,"$1,540.20",Industrial Services,Contract Drilling,NASDAQ,
706,Peloton Interactive,PTON,$46.41,"$15,164.19",Consumer Services,Other Consumer Services,NASDAQ,
707,Proterra,PTRA,$11.45,"$2,499.61",Finance,Financial Conglomerates,NASDAQ,
708,Quanta Services,PWR,$117.54,"$16,749.36",Industrial Services,Engineering & Construction,NYSE,
709,Pioneer Natural Resources,PXD,$181.73,"$44,366.42",Energy Minerals,Oil & Gas Production,NYSE,
710,PayPal,PYPL,$187.79,"$220,640.10",Technology Services,Data Processing Services,NASDAQ,
711,Qualcomm,QCOM,$175.74,"$196,828.81",Electronic Technology,Telecommunications Equipment,NASDAQ,
712,Qudian,QD,$1.46,$369.84,Technology Services,Internet Software/Services,NYSE,
713,Qualys,QLYS,$129.71,"$5,035.87",Technology Services,Packaged Software,NASDAQ,
714,Qurate Retail,QRTEA,$8.14,"$3,299.86",Retail Trade,Internet Retail,NASDAQ,
715,QuantumScape,QS,$30.64,"$12,943.77",Producer Manufacturing,Electrical Products,NYSE,
716,Restaurant Brands International,QSR,$57.99,"$34,605.39",Consumer Services,Restaurants,NYSE,
717,Q2 Holdings,QTWO,$80.66,"$4,582.85",Technology Services,Information Technology Services,NYSE,
718,Ferrari,RACE,$262.71,"$45,475.04",Consumer Durables,Motor Vehicles,NYSE,
719,Rite Aid,RAD,$12.38,$690.45,Retail Trade,Drugstore Chains,NYSE,
720,Roblox,RBLX,$122.65,"$70,994.19",Technology Services,Packaged Software,NYSE,
721,Royal Caribbean Cruises,RCL,$67.98,"$17,320.61",Consumer Services,Hotels/Resorts/Cruise lines,NYSE,
722,Redfin Corporation,RDFN,$41.80,"$4,409.12",Finance,Real Estate Development,NASDAQ,
723,Royal Dutch Shell - Class A Shares,RDS.A,$42.07,"$161,187.12",Energy Minerals,Integrated Oil,NYSE,
724,RealReal,REAL,$15.87,"$1,466.19",Retail Trade,Internet Retail,NASDAQ,
725,Renewable Energy Group,REGI,$47.87,"$2,406.45",Process Industries,Chemicals: Specialty,NASDAQ,
726,Regeneron Pharmaceuticals,REGN,$643.35,"$69,187.79",Health Technology,Biotechnology,NASDAQ,
727,RPC,RES,$4.16,$897.42,Industrial Services,Oilfield Services/Equipment,NYSE,
728,Regions Financial,RF,$23.47,"$22,373.54",Finance,Major Banks,NYSE,
729,Restoration Hardware Holdings,RH,$599.34,"$12,834.00",Retail Trade,Specialty Stores,NYSE,
730,Rio Tinto,RIO,$62.33,"$101,132.86",Non-Energy Minerals,Other Metals/Minerals,NYSE,
731,Riot Blockchain,RIOT,$34.92,"$4,048.56",Finance,Financial Conglomerates,NASDAQ,
732,Rocket Lab,RKLB,$15.45,"$6,940.21",Finance,Financial Conglomerates,NASDAQ,
733,Rocket Companies,RKT,$15.69,"$31,129.15",Finance,Finance/Rental/Leasing,NYSE,
734,Ralph Lauren,RL,$116.43,"$8,571.23",Retail Trade,Apparel/Footwear Retail,NYSE,
735,Realogy Holdings,RLGY,$15.71,"$1,831.60",Finance,Real Estate Development,NYSE,
736,ResMed,RMD,$251.21,"$36,607.10",Health Technology,Medical Specialties,NYSE,
737,RingCentral,RNG,$224.54,"$20,693.97",Technology Services,Packaged Software,NYSE,
738,Rockwell Automation,ROK,$339.20,"$39,341.03",Producer Manufacturing,Electrical Products,NYSE,
739,Roku,ROKU,$235.16,"$31,596.73",Consumer Durables,Electronics/Appliances,NASDAQ,
740,Root Inc,ROOT,$4.08,"$1,030.20",Finance,Insurance Brokers/Services,NASDAQ,
741,Ross Stores,ROST,$110.01,"$39,093.80",Retail Trade,Apparel/Footwear Retail,NASDAQ,
742,Rapid7,RPD,$124.42,"$7,025.58",Technology Services,Information Technology Services,NASDAQ,
743,Range Resources Corporation,RRC,$21.13,"$5,489.46",Energy Minerals,Oil & Gas Production,NYSE,
744,Republic Services,RSG,$135.02,"$42,814.14",Industrial Services,Environmental Services,NYSE,
745,Raytheon Technologies Corporation,RTX,$83.00,"$124,232.57",Electronic Technology,Aerospace & Defense,NYSE,
746,Sunrun,RUN,$47.41,"$9,814.10",Utilities,Alternative Power Generation,NASDAQ,
747,Rackspace Technology,RXT,$14.83,"$3,114.77",Technology Services,Data Processing Services,NASDAQ,
748,Royal Bank of Canada,RY,$101.52,"$186,260.04",Finance,Major Banks,NYSE,
749,Spirit Airlines,SAVE,$20.60,"$2,233.15",Transportation,Airlines,NYSE,
750,Sally Beauty,SBH,$20.21,"$2,284.66",Retail Trade,Specialty Stores,NYSE,
751,Companhia de Saneamento Basico,SBS,$6.12,"$23,341.86",Utilities,Water Utilities,NYSE,
752,Sibanye-Stillwater,SBSW,$11.94,"$8,146.18",Non-Energy Minerals,Precious Metals,NYSE,
753,Starbucks,SBUX,$110.66,"$129,826.21",Consumer Services,Restaurants,NASDAQ,
754,Southern Copper,SCCO,$57.71,"$44,614.52",Non-Energy Minerals,Other Metals/Minerals,NYSE,
755,Charles Schwab,SCHW,$79.15,"$149,640.99",Finance,Investment Banks/Brokers,NYSE,
756,Sea Limited,SE,$296.82,"$164,623.83",Technology Services,Internet Software/Services,NYSE,
757,Seaboard Corp.,SEB,"$3,901.64","$4,528.94",Consumer Non-Durables,Food: Meat/Fish/Dairy,NYSE AMERICAN,
758,SolarEdge Technologies,SEDG,$341.44,"$17,932.27",Producer Manufacturing,Electrical Products,NASDAQ,
759,Stitch Fix,SFIX,$27.93,"$3,038.47",Retail Trade,Apparel/Footwear Retail,NASDAQ,
760,Sprouts Farmers Market,SFM,$26.89,"$3,018.63",Retail Trade,Food Retail,NASDAQ,
761,Sangamo Therapeutics,SGMO,$8.45,"$1,230.95",Health Technology,Biotechnology,NASDAQ,
762,Shake Shack,SHAK,$75.89,"$3,192.06",Consumer Services,Restaurants,NYSE,
763,Shopify,SHOP,"$1,576.70","$249,819.82",Retail Trade,Internet Retail,NYSE,
764,Sherwin-Williams,SHW,$323.30,"$84,768.00",Process Industries,Industrial Specialties,NYSE,
765,Companhia Siderurgica Nacional,SID,$4.00,"$30,914.04",Non-Energy Minerals,Steel,NYSE,
766,Sirius XM,SIRI,$6.17,"$24,676.88",Consumer Services,Broadcasting,NASDAQ,
767,Skillsoft Corp,SKIL,$11.95,"$1,590.06",Technology Services,Packaged Software,NYSE,
768,Tanger Factory Outlet Centers,SKT,$20.49,"$2,130.64",Finance,Real Estate Investment Trusts,NYSE,
769,Skechers,SKX,$46.00,"$7,168.69",Consumer Non-Durables,Apparel/Footwear,NYSE,
770,Schlumberger,SLB,$29.70,"$41,658.17",Industrial Services,Oilfield Services/Equipment,NYSE,
771,US Silica Holdings,SLCA,$9.76,$727.82,Non-Energy Minerals,Other Metals/Minerals,NYSE,
772,SLM Corporation,SLM,$17.86,"$5,236.15",Finance,Finance/Rental/Leasing,NASDAQ,
773,SM Energy Company,SM,$28.67,"$3,482.65",Energy Minerals,Oil & Gas Production,NYSE,
774,Smartsheet,SMAR,$63.50,"$7,998.90",Technology Services,Packaged Software,NYSE,
775,Sumitomo Mitsui Financial Group,SMFG,$6.63,"$46,249.85",Finance,Major Banks,NYSE,
776,Sema4,SMFR,$6.89,"$1,662.29",Technology Services,Internet Software/Services,NASDAQ,
777,The Scotts Miracle-Gro Company,SMG,$161.43,"$8,903.69",Process Industries,Chemicals: Agricultural,NYSE,
778,Snap,SNAP,$49.76,"$80,103.50",Technology Services,Internet Software/Services,NYSE,
779,Snowflake,SNOW,$362.60,"$109,106.31",Technology Services,Packaged Software,NYSE,
780,Sylvamo,SNPS,$342.16,"$52,180.32",Technology Services,Packaged Software,NASDAQ,
781,Synopsys,SNPS,$342.16,"$52,180.32",Technology Services,Packaged Software,NASDAQ,
782,Sanofi,SNY,$48.30,"$108,057.76",Health Technology,Pharmaceuticals: Major,NASDAQ,
783,Southern Company,SO,$62.04,"$65,750.18",Utilities,Electric Utilities,NYSE,
784,SoFi Technologies,SOFI,$18.21,"$14,693.95",Finance,Finance/Rental/Leasing,NASDAQ,
785,Sonos,SONO,$32.25,"$4,099.89",Electronic Technology,Electronic Production Equipment,NASDAQ,
786,Sony,SONY,$121.27,"$17,636,231.77",Consumer Durables,Electronics/Appliances,NYSE,
787,Virgin Galactic,SPCE,$16.73,"$4,316.53",Electronic Technology,Aerospace & Defense,NYSE,
788,Simon Property,SPG,$160.48,"$52,735.51",Finance,Real Estate Investment Trusts,NYSE,
789,S&P,SPGI,$454.53,"$109,541.68",Commercial Services,Financial Publishing/Services,NYSE,
790,Splunk,SPLK,$124.85,"$20,168.98",Technology Services,Information Technology Services,NASDAQ,
791,Spotify,SPOT,$250.89,"$48,097.85",Technology Services,Internet Software/Services,NYSE,
792,SunPower,SPWR,$28.47,"$4,924.97",Producer Manufacturing,Electrical Products,NASDAQ,
793,Square,SQ,$212.08,"$97,827.33",Technology Services,Information Technology Services,NYSE,
794,Chemical & Mining Co. of Chile,SQM,$64.47,"$17,026.96",Process Industries,Chemicals: Agricultural,NYSE,
795,Squarespace,SQSP,$36.00,"$4,998.03",Technology Services,Information Technology Services,NYSE,
796,Sempra Energy,SRE,$121.68,"$38,856.97",Utilities,Gas Distributors,NYSE,
797,SS&C Technologies Holdings,SSNC,$78.75,"$20,023.71",Technology Services,Information Technology Services,NASDAQ,
798,Sutter Rock Capital,SSSS,$12.60,$362.64,Finance,Investment Managers,NASDAQ,
799,Stellantis,STLA,$17.75,"$49,606.56",Consumer Durables,Motor Vehicles,NYSE,
800,Steel Dynamics,STLD,$63.51,"$12,603.64",Non-Energy Minerals,Steel,NASDAQ,
801,StoneCo,STNE,$16.34,"$5,083.94",Technology Services,Packaged Software,NASDAQ,
802,STORE Capital Corporation,STOR,$33.11,"$9,028.24",Finance,Real Estate Investment Trusts,NYSE,
803,State Street,STT,$93.35,"$34,131.26",Finance,Regional Banks,NYSE,
804,Seagate Technology,STX,$98.62,"$21,956.35",Electronic Technology,Computer Peripherals,NASDAQ,
805,Constellation Brands,STZ,$229.32,"$43,104.39",Consumer Non-Durables,Beverages: Alcoholic,NYSE,
806,Suncor Energy,SU,$24.77,"$46,363.46",Energy Minerals,Integrated Oil,NYSE,
807,Sumo Logic Inc,SUMO,$14.15,"$1,561.73",Technology Services,Packaged Software,NASDAQ,
808,Grupo Supervielle,SUPV,$1.89,"$31,875.22",Finance,Major Banks,NYSE,
809,Stanley Black & Decker,SWK,$182.73,"$29,791.06",Consumer Durables,Tools & Hardware,NYSE,
810,Skyworks Solutions,SWKS,$152.48,"$25,218.24",Electronic Technology,Semiconductors,NASDAQ,
811,Southwestern Energy,SWN,$4.96,"$5,034.29",Energy Minerals,Oil & Gas Production,NYSE,
812,Synchrony Financial,SYF,$47.68,"$26,093.31",Finance,Finance/Rental/Leasing,NYSE,
813,Stryker,SYK,$243.48,"$91,815.38",Health Technology,Medical Specialties,NYSE,
814,Sysco,SYY,$72.73,"$37,285.49",Distribution Services,Food Distributors,NYSE,
815,AT&T,T,$24.22,"$172,955.04",Communications,Major Telecommunications,NYSE,
816,Takeda Pharmaceutical,TAK,$13.53,"$42,910.18",Health Technology,Pharmaceuticals: Major,NYSE,
817,Tal Education Group,TAL,$5.11,"$3,295.02",Consumer Services,Other Consumer Services,NYSE,
818,Talkspace,TALK,$2.27,$345.74,Technology Services,Internet Software/Services,NASDAQ,
819,Trip.com,TCOM,$27.85,"$17,702.00",Consumer Services,Other Consumer Services,NASDAQ,
820,Toronto-Dominion Bank,TD,$73.95,"$172,353.82",Finance,Major Banks,NYSE,
821,Teladoc,TDOC,$109.61,"$17,547.09",Health Services,Hospital/Nursing Management,NYSE,
822,Atlassian Corporation Plc,TEAM,$391.54,"$98,962.44",Technology Services,Packaged Software,NASDAQ,
823,Teck Resources,TECK,$26.03,"$17,652.76",Non-Energy Minerals,Other Metals/Minerals,NYSE,
824,Tenable,TENB,$50.08,"$5,380.83",Technology Services,Packaged Software,NASDAQ,
825,Teradyne,TER,$146.35,"$23,855.68",Electronic Technology,Electronic Production Equipment,NASDAQ,
826,Teva Pharmaceutical Industries,TEVA,$8.49,"$9,549.65",Health Technology,Pharmaceuticals: Generic,NYSE,
827,Truist Financial Corp,TFC,$60.08,"$80,200.31",Finance,Regional Banks,NYSE,
828,Teleflex,TFX,$305.15,"$14,294.74",Health Technology,Medical Specialties,NYSE,
829,Triumph,TGI,$17.70,"$1,143.62",Electronic Technology,Aerospace & Defense,NYSE,
830,Target,TGT,$246.57,"$118,137.61",Retail Trade,Specialty Stores,NYSE,
831,UP Fintech,TIGR,$5.91,$893.68,Finance,Investment Banks/Brokers,NASDAQ,
832,TIM SA,TIMB,$12.38,"$33,718.93",Communications,Wireless Telecommunications,NYSE,
833,TJX Companies Inc,TJX,$69.36,"$83,408.11",Retail Trade,Apparel/Footwear Retail,NYSE,
834,Tilray,TLRY,$10.57,"$3,360.81",Process Industries,Agricultural Commodities/Milling,NASDAQ,
835,Toyota,TM,$179.83,"$290,669.66",Consumer Durables,Motor Vehicles,NYSE,
836,Tencent Music Entertainment Group,TME,$7.16,"$12,129.63",Technology Services,Internet Software/Services,NYSE,
837,Thermo Fisher Scientific,TMO,$638.74,"$251,694.22",Health Technology,Medical Specialties,NYSE,
838,T-Mobile,TMUS,$113.53,"$141,804.99",Communications,Wireless Telecommunications,NASDAQ,
839,TPG Pace Beneficial Finance Corp.,TPGY,$10.49,$458.94,Finance,Financial Conglomerates,NYSE,
840,TPI Composites,TPIC,$18.87,$703.45,Producer Manufacturing,Electrical Products,NASDAQ,
841,Tapestry,TPR,$41.80,"$11,500.96",Retail Trade,Apparel/Footwear Retail,NYSE,
842,Tempur Sealy,TPX,$42.23,"$8,129.70",Consumer Durables,Home Furnishings,NYSE,
843,Targa Resources,TRGP,$54.47,"$12,472.09",Energy Minerals,Oil Refining/Marketing,NYSE,
844,TripAdvisor,TRIP,$26.75,"$3,696.34",Consumer Services,Other Consumer Services,NASDAQ,
845,T. Rowe Price,TROW,$202.64,"$45,543.60",Finance,Investment Managers,NASDAQ,
846,Travelers,TRV,$153.66,"$37,801.68",Finance,Multi-Line Insurance,NYSE,
847,Tesla,TSLA,"$1,081.92","$1,086,534.43",Consumer Durables,Motor Vehicles,NASDAQ,
848,Taiwan Semiconductor,TSM,$117.09,"$545,736.33",Electronic Technology,Semiconductors,NYSE,
849,Tyson Foods,TSN,$81.34,"$29,671.30",Consumer Non-Durables,Food: Meat/Fish/Dairy,NYSE,
850,TuSimple,TSP,$38.92,"$8,290.99",Consumer Durables,Motor Vehicles,NASDAQ,
851,Trade Desk,TTD,$103.98,"$49,976.25",Commercial Services,Advertising/Marketing Services,NASDAQ,
852,TotalEnergies SE,TTE,$46.64,"$108,258.25",Energy Minerals,Integrated Oil,NYSE,
853,Tata Motors,TTM,$30.36,"$22,021.09",Consumer Durables,Motor Vehicles,NYSE,
854,T2 Interactive,TTWO,$169.66,"$19,561.75",Consumer Durables,Recreational Products,NASDAQ,
855,"Grupo Televisa, S.A.B.",TV,$9.07,"$113,540.05",Consumer Services,Broadcasting,NYSE,
856,Tradeweb Markets,TW,$95.99,"$22,326.77",Technology Services,Internet Software/Services,NASDAQ,
857,Twilio,TWLO,$290.25,"$51,759.91",Technology Services,Packaged Software,NYSE,
858,Two Harbors Investment,TWO,$5.99,"$2,059.99",Finance,Real Estate Investment Trusts,NYSE,
859,2U,TWOU,$24.72,"$1,863.20",Technology Services,Packaged Software,NASDAQ,
860,Twitter,TWTR,$47.07,"$37,637.63",Technology Services,Internet Software/Services,NYSE,
861,Texas Instruments,TXN,$188.26,"$173,862.96",Electronic Technology,Semiconductors,NASDAQ,
862,Unity Software,U,$179.89,"$51,450.45",Technology Services,Packaged Software,NYSE,
863,Under Armour (Class C),UA,$20.63,"$10,390.27",Consumer Non-Durables,Apparel/Footwear,NYSE,
864,Under Armour,UAA,$23.98,"$10,390.27",Consumer Non-Durables,Apparel/Footwear,NYSE,
865,United Airlines,UAL,$42.26,"$13,684.06",Transportation,Airlines,NASDAQ,
866,Uber,UBER,$40.52,"$78,613.58",Technology Services,Packaged Software,NYSE,
867,UBS Group AG,UBS,$17.06,"$63,401.95",Finance,Major Banks,NYSE,
868,Ultra Clean Holdings,UCTT,$53.69,"$2,410.68",Electronic Technology,Semiconductors,NASDAQ,
869,Ultrapar Participações,UGP,$2.46,"$15,210.06",Energy Minerals,Oil Refining/Marketing,NYSE,
870,Ulta Beauty,ULTA,$399.53,"$21,717.48",Retail Trade,Specialty Stores,NASDAQ,
871,United Microelectronics,UMC,$11.13,"$27,470.48",Electronic Technology,Semiconductors,NYSE,
872,UnitedHealth,UNH,$439.91,"$414,329.81",Health Services,Managed Health Care,NYSE,
873,Uniti Group,UNIT,$13.31,"$3,142.10",Finance,Real Estate Investment Trusts,NASDAQ,
874,Unum Group,UNM,$24.45,"$4,998.88",Finance,Life/Health Insurance,NYSE,
875,Union Pacific,UNP,$239.79,"$154,155.11",Transportation,Railroads,NYSE,
876,UPS,UPS,$205.30,"$178,434.92",Transportation,Air Freight/Couriers,NYSE,
877,Urban Outfitters,URBN,$31.85,"$3,132.89",Retail Trade,Apparel/Footwear Retail,NASDAQ,
878,US Bancorp,USB,$57.50,"$85,260.83",Finance,Major Banks,NYSE,
879,Visa,V,$197.65,"$416,754.70",Finance,Finance/Rental/Leasing,NYSE,
880,Vale,VALE,$12.37,"$352,291.91",Non-Energy Minerals,Steel,NYSE,
881,Veeva Systems,VEEV,$289.58,"$44,426.67",Technology Services,Packaged Software,NYSE,
882,VF Corporation,VFC,$73.98,"$29,058.03",Consumer Non-Durables,Apparel/Footwear,NYSE,
883,Vonage Holdings,VG,$20.69,"$5,223.68",Communications,Specialty Telecommunications,NASDAQ,
884,Vector Group,VGR,$15.88,"$2,444.88",Consumer Non-Durables,Tobacco,NYSE,
885,ViacomCBS,VIACA,$35.23,"$21,224.38",Consumer Services,Broadcasting,NASDAQ,
886,VICI Properties,VICI,$27.81,"$17,490.98",Finance,Real Estate Development,NYSE,
887,Vipshop Holdings Limited,VIPS,$9.84,"$6,673.13",Retail Trade,Internet Retail,NYSE,
888,Vir Biotechnology Inc,VIR,$36.00,"$4,711.68",Health Technology,Biotechnology,NASDAQ,
889,Telefonica Brasil,VIV,$9.03,"$85,969.63",Communications,Major Telecommunications,NYSE,
890,Valero,VLO,$68.01,"$27,804.91",Energy Minerals,Oil Refining/Marketing,NYSE,
891,VMware,VMW,$121.90,"$51,156.86",Technology Services,Information Technology Services,NYSE,
892,Vroom Inc,VRM,$15.54,"$2,127.55",Retail Trade,Specialty Stores,NASDAQ,
893,Verisk Analytics,VRSK,$225.81,"$36,391.83",Finance,Insurance Brokers/Services,NASDAQ,
894,Verisign,VRSN,$241.02,"$26,772.12",Technology Services,Internet Software/Services,NASDAQ,
895,Vertex Pharmaceuticals,VRTX,$183.59,"$46,678.11",Health Technology,Biotechnology,NASDAQ,
896,Victoria's Secret,VSCO,$53.45,-,Retail Trade,Apparel/Footwear Retail,NYSE,No live pricing
897,Vistra Energy,VST,$20.16,"$9,729.77",Utilities,Electric Utilities,NYSE,
898,Ventas,VTR,$49.50,"$19,759.21",Finance,Real Estate Investment Trusts,NYSE,
899,Viatris,VTRS,$12.75,"$15,419.76",Health Technology,Pharmaceuticals: Major,NASDAQ,
900,Verizon,VZ,$51.80,"$214,460.49",Communications,Major Telecommunications,NYSE,
901,Wayfair,W,$276.42,"$28,898.16",Retail Trade,Internet Retail,NYSE,
902,WABTEC Corporation,WAB,$93.02,"$17,378.09",Producer Manufacturing,Trucks/Construction/Farm Machinery,NYSE,
903,Weibo,WB,$42.79,"$9,802.83",Technology Services,Internet Software/Services,NASDAQ,
904,Walgreens Boots,WBA,$45.90,"$39,731.61",Retail Trade,Drugstore Chains,NASDAQ,
905,Waste Connections,WCN,$134.21,"$44,198.00",Industrial Services,Environmental Services,NYSE,
906,Workday,WDAY,$277.55,"$69,387.50",Technology Services,Information Technology Services,NASDAQ,
907,Western Digital,WDC,$57.76,"$17,999.34",Electronic Technology,Computer Peripherals,NASDAQ,
908,Welltower,WELL,$81.92,"$35,657.68",Finance,Real Estate Investment Trusts,NYSE,
909,Wendy's Company,WEN,$21.32,"$4,703.93",Consumer Services,Restaurants,NASDAQ,
910,WEX,WEX,$131.93,"$5,912.91",Technology Services,Data Processing Services,NYSE,
911,Wells Fargo,WFC,$48.43,"$193,101.65",Finance,Major Banks,NYSE,
912,Wingstop,WING,$167.56,"$4,997.60",Consumer Services,Restaurants,NASDAQ,
913,ContextLogic,WISH,$3.92,"$2,520.56",Retail Trade,Internet Retail,NASDAQ,
914,Wipro,WIT,$8.38,"$44,837.12",Technology Services,Information Technology Services,NYSE,
915,Wix.com Ltd,WIX,$159.55,"$9,087.11",Technology Services,Information Technology Services,NASDAQ,
916,Workhorse Group Inc,WKHS,$5.79,$903.16,Producer Manufacturing,Auto Parts: OEM,NASDAQ,
917,Waste Management,WM,$163.47,"$68,382.17",Industrial Services,Environmental Services,NYSE,
918,Williams Companies,WMB,$28.24,"$34,312.42",Industrial Services,Oil & Gas Pipelines,NYSE,
919,Walmart,WMT,$144.90,"$404,053.34",Retail Trade,Food Retail,NYSE,
920,WestRock,WRK,$46.34,"$12,280.16",Process Industries,Containers/Packaging,NYSE,
921,White Mountains Insurance Group,WTM,"$1,038.00","$3,132.45",Finance,Multi-Line Insurance,NYSE,
922,Western Union,WU,$16.40,"$6,592.91",Finance,Finance/Rental/Leasing,NYSE,
923,World Wrestling Entertainment,WWE,$51.37,"$3,894.72",Consumer Services,Movies/Entertainment,NYSE,
924,Weyerhaeuser Co.,WY,$38.42,"$28,778.30",Finance,Real Estate Investment Trusts,NYSE,
925,Wynn Resorts,WYNN,$85.69,"$9,910.72",Consumer Services,Casinos/Gaming,NASDAQ,
926,United States Steel,X,$24.27,"$6,558.55",Non-Energy Minerals,Steel,NYSE,
927,Xcel Energy,XEL,$64.76,"$34,884.63",Utilities,Electric Utilities,NASDAQ,
928,Exagen,XGN,$11.02,$178.13,Health Services,Medical/Nursing Services,NASDAQ,
929,Xilinx,XLNX,$223.95,"$55,512.81",Electronic Technology,Semiconductors,NASDAQ,
930,Qualtrics International,XM,$33.88,"$18,404.70",Technology Services,Packaged Software,NASDAQ,
931,Exxon Mobil,XOM,$61.25,"$259,305.92",Energy Minerals,Integrated Oil,NYSE,
932,XP,XP,$29.56,"$16,643.64",Technology Services,Internet Software/Services,NASDAQ,
933,Xpeng,XPEV,$51.11,"$43,777.84",Consumer Durables,Motor Vehicles,NYSE,
934,DPCM Capital Inc.,XPOA,$9.86,$369.75,Finance,Financial Conglomerates,NYSE,
935,Xerox,XRX,$19.26,"$3,438.14",Electronic Technology,Computer Peripherals,NYSE,
936,YETI Holdings Inc,YETI,$96.87,"$8,489.87",Producer Manufacturing,Miscellaneous Manufacturing,NYSE,
937,YPF,YPF,$3.43,"$298,878.28",Energy Minerals,Integrated Oil,NYSE,
938,Yum! Brands,YUM,$124.20,"$36,407.13",Consumer Services,Restaurants,NYSE,
939,Yum! China Holdings,YUMC,$51.12,"$21,885.85",Consumer Services,Restaurants,NYSE,
940,YY,YY,$54.45,"$4,244.81",Technology Services,Internet Software/Services,NASDAQ,
941,Zillow Group,Z,$55.62,"$14,034.03",Technology Services,Information Technology Services,NASDAQ,
942,Zimmer Biomet,ZBH,$125.62,"$26,243.02",Health Technology,Medical Specialties,NYSE,
943,Zebra Technologies,ZBRA,$590.72,"$31,568.96",Electronic Technology,Computer Peripherals,NASDAQ,
944,Zendesk,ZEN,$94.27,"$11,396.12",Technology Services,Data Processing Services,NYSE,
945,Zions Bancorporation,ZION,$64.17,"$10,040.26",Finance,Regional Banks,NASDAQ,
946,ZipRecruiter,ZIP,$29.63,"$3,459.96",Technology Services,Internet Software/Services,NYSE,
947,Zoom,ZM,$220.21,"$65,621.37",Technology Services,Packaged Software,NASDAQ,
948,Zynga,ZNGA,$6.44,"$7,213.97",Technology Services,Internet Software/Services,NASDAQ,
949,China Southern Airlines,ZNH,$29.13,"$15,143.69",Transportation,Airlines,NYSE,
950,Zscaler,ZS,$336.90,"$47,183.79",Technology Services,Packaged Software,NASDAQ,
951,ZTO Express,ZTO,$30.85,"$26,713.16",Transportation,Air Freight/Couriers,NYSE,
952,Zoetis,ZTS,$219.32,"$103,765.95",Health Technology,Pharmaceuticals: Generic,NYSE,